Country Name,Country Code,latitude,longitude,country,,Indicator Name,Indicator Code,1960,1961,1962,1963,1964,1965,1966,1967,1968,1969,1970,1971,1972,1973,1974,1975,1976,1977,1978,1979,1980,1981,1982,1983,1984,1985,1986,1987,1988,1989,1990,1991,1992,1993,1994,1995,1996,1997,1998,1999,2000,2001,2002,2003,2004,2005,2006,2007,2008,2009,2010,2011,2012,2013,2014,2015,2016,2017,2018,2019,2020
Afghanistan,AFG,33.93911,67.709953,Afghanistan,TRUE,"Employment to population ratio, 15+, total (%) (modeled ILO estimate)",SL.EMP.TOTL.SP.ZS,,,,,,,,,,,,,,,,,,,,,,,,,,,,,,,,42.45,42.5,42.49,42.47,42.44,42.38,42.31,42.24,42.18,42.19,42.3,42.41,42.56,42.73,42.89,42.85,42.78,42.66,42.35,42.2,42.26,42.35,42.48,42.67,42.86,43.03,43.22,43.38,43.53,41.54
Albania,ALB,41.153332,20.168331,Albania,TRUE,"Employment to population ratio, 15+, total (%) (modeled ILO estimate)",SL.EMP.TOTL.SP.ZS,,,,,,,,,,,,,,,,,,,,,,,,,,,,,,,,57.81,58.17,56.84,55.68,54.12,53.33,54.49,53.76,52.66,52.09,51.18,50.5,49.64,48.82,48.04,47.43,46.88,47.86,47.07,46.63,52.02,49.43,44.69,43.68,46.05,47.89,49.32,52.03,53.41,52.73
Algeria,DZA,28.033886,1.659626,Algeria,TRUE,"Employment to population ratio, 15+, total (%) (modeled ILO estimate)",SL.EMP.TOTL.SP.ZS,,,,,,,,,,,,,,,,,,,,,,,,,,,,,,,,35.35,33.72,33.08,32.54,30.67,32.11,33.24,32.36,31.44,30.61,31.49,31.93,32.71,35.16,36.04,37.2,36.45,37.4,37.82,38.12,38.25,37.97,39.37,37.26,37.24,38.06,37.66,37.61,37.51,35.13
American Samoa,ASM,-14.270972,-170.132217,American Samoa,TRUE,"Employment to population ratio, 15+, total (%) (modeled ILO estimate)",SL.EMP.TOTL.SP.ZS,,,,,,,,,,,,,,,,,,,,,,,,,,,,,,,,,,,,,,,,,,,,,,,,,,,,,,,,,,,,,
Andorra,AND,42.546245,1.601554,Andorra,TRUE,"Employment to population ratio, 15+, total (%) (modeled ILO estimate)",SL.EMP.TOTL.SP.ZS,,,,,,,,,,,,,,,,,,,,,,,,,,,,,,,,,,,,,,,,,,,,,,,,,,,,,,,,,,,,,
Angola,AGO,-11.202692,17.873887,Angola,TRUE,"Employment to population ratio, 15+, total (%) (modeled ILO estimate)",SL.EMP.TOTL.SP.ZS,,,,,,,,,,,,,,,,,,,,,,,,,,,,,,,,75.05,75.05,75.15,75.09,74.94,74.86,74.8,74.72,74.63,74.54,74.51,74.38,74.32,74.24,74.17,74.24,74.3,74.34,74.32,70,71.71,71.76,71.8,71.87,71.92,72,72.06,72.1,72.07,69.64
Antigua and Barbuda,ATG,17.060816,-61.796428,Antigua and Barbuda,TRUE,"Employment to population ratio, 15+, total (%) (modeled ILO estimate)",SL.EMP.TOTL.SP.ZS,,,,,,,,,,,,,,,,,,,,,,,,,,,,,,,,,,,,,,,,,,,,,,,,,,,,,,,,,,,,,
Argentina,ARG,40.069099,45.038189,Argentina,TRUE,"Employment to population ratio, 15+, total (%) (modeled ILO estimate)",SL.EMP.TOTL.SP.ZS,,,,,,,,,,,,,,,,,,,,,,,,,,,,,,,,57.25,56.9,54.86,53.99,49.45,50.7,52.49,54.07,53.12,52.58,51.02,49.16,52.23,53.87,54.82,55.96,56.26,55.95,55.79,55.74,56.28,56.13,55.95,55.36,55.45,55.51,55.53,55.73,55.55,49.44
Armenia,ARM,12.52111,-69.968338,Armenia,TRUE,"Employment to population ratio, 15+, total (%) (modeled ILO estimate)",SL.EMP.TOTL.SP.ZS,,,,,,,,,,,,,,,,,,,,,,,,,,,,,,,,55.95,55.52,53.14,51.96,51.43,49.58,48.38,48.78,47.45,47.14,46.96,46.72,46.54,46.5,46.64,46.93,47.35,45.48,43.8,45.58,47.02,47.93,48.79,47.47,46.48,45.91,45.62,43.08,42.97,39.98
Aruba,ABW,-25.274398,133.775136,Aruba,TRUE,"Employment to population ratio, 15+, total (%) (modeled ILO estimate)",SL.EMP.TOTL.SP.ZS,,,,,,,,,,,,,,,,,,,,,,,,,,,,,,,,,,,,,,,,,,,,,,,,,,,,,,,,,,,,,
Australia,AUS,47.516231,14.550072,Australia,TRUE,"Employment to population ratio, 15+, total (%) (modeled ILO estimate)",SL.EMP.TOTL.SP.ZS,,,,,,,,,,,,,,,,,,,,,,,,,,,,,,,,57.22,56.22,55.78,56.96,58.29,58.26,58.02,58.37,58.67,59.39,59.27,59.57,60.02,60.22,61.31,61.81,62.51,62.88,61.94,62.18,62.29,61.92,61.41,60.92,61.21,61.28,61.59,62.17,62.53,60.6
Austria,AUT,40.143105,47.576927,Austria,TRUE,"Employment to population ratio, 15+, total (%) (modeled ILO estimate)",SL.EMP.TOTL.SP.ZS,,,,,,,,,,,,,,,,,,,,,,,,,,,,,,,,54.25,54.84,54.71,56.47,56.49,55.44,55.2,55.25,55.87,55.77,55.63,55.98,55.95,53.5,54.84,55.43,56.5,57.19,56.8,57.07,57.28,57.36,57.21,56.78,56.66,56.87,57.19,57.79,58.05,56.45
Azerbaijan,AZE,25.03428,-77.39628,Azerbaijan,TRUE,"Employment to population ratio, 15+, total (%) (modeled ILO estimate)",SL.EMP.TOTL.SP.ZS,,,,,,,,,,,,,,,,,,,,,,,,,,,,,,,,72.14,73.59,73.95,74.49,74.65,73.74,72.42,70.89,69.57,68.05,66.96,65.89,64.88,64.03,63.44,62.54,61.99,61.33,61.05,60.93,60.67,60.94,61.34,61.86,62.27,62.95,63.26,63.56,63.28,59.17
Bahamas,BHS,25.930414,50.637772,Bahamas,TRUE,"Employment to population ratio, 15+, total (%) (modeled ILO estimate)",SL.EMP.TOTL.SP.ZS,,,,,,,,,,,,,,,,,,,,,,,,,,,,,,,,63.98,62.75,64.95,64.68,67.02,66.55,67.78,69.3,69.39,69.54,69.89,68.37,67.04,67.47,67.41,69.55,69.39,69.18,64.57,64.5,64.34,64.77,63.22,65.11,66.55,66.05,68.24,68.07,67.97,61.4
Bahrain,BHR,23.684994,90.356331,Bahrain,TRUE,"Employment to population ratio, 15+, total (%) (modeled ILO estimate)",SL.EMP.TOTL.SP.ZS,,,,,,,,,,,,,,,,,,,,,,,,,,,,,,,,63.95,64.06,64.31,64.64,64.98,64.7,64.48,64.46,64.7,65.16,65.21,65.48,66.1,66.94,67.88,68.26,68.89,69.7,70.62,71.4,70.57,70.62,70.62,70.65,70.7,71.07,71.56,72.06,72.44,69.67
Bangladesh,BGD,13.193887,-59.543198,Bangladesh,TRUE,"Employment to population ratio, 15+, total (%) (modeled ILO estimate)",SL.EMP.TOTL.SP.ZS,,,,,,,,,,,,,,,,,,,,,,,,,,,,,,,,56.54,56.49,56.45,56.44,56.45,56.36,56.21,56.06,55.9,55.76,55.53,55.27,55.04,55.02,55.01,55.28,54.99,54.66,54.16,54.99,54.74,54.48,54.22,54.2,54.16,54.13,56.29,56.48,56.62,52.77
Barbados,BRB,53.709807,27.953389,Barbados,TRUE,"Employment to population ratio, 15+, total (%) (modeled ILO estimate)",SL.EMP.TOTL.SP.ZS,,,,,,,,,,,,,,,,,,,,,,,,,,,,,,,,51.94,52.58,51.95,53.38,56.22,58.99,58.98,60.31,61.32,61.95,61.62,61.32,60.89,62.41,62.63,62.69,63.37,62.62,61.03,60.16,59.74,58.51,59.17,56.95,57.93,59.63,59.33,59,58.7,53.76
Belarus,BLR,50.503887,4.469936,Belarus,TRUE,"Employment to population ratio, 15+, total (%) (modeled ILO estimate)",SL.EMP.TOTL.SP.ZS,,,,,,,,,,,,,,,,,,,,,,,,,,,,,,,,58.68,57.35,54.28,52.09,49.53,45.29,49.16,50.66,51.25,52,52.72,53.4,54.12,54.89,55.72,56.51,57.33,58.13,58.77,59.17,59.51,59.81,60.06,60.3,60.46,60.62,60.79,61.46,61.04,59.79
Belgium,BEL,17.189877,-88.49765,Belgium,TRUE,"Employment to population ratio, 15+, total (%) (modeled ILO estimate)",SL.EMP.TOTL.SP.ZS,,,,,,,,,,,,,,,,,,,,,,,,,,,,,,,,45.69,46.08,45.5,45.29,45.69,45.55,45.9,45.96,47.36,48.76,47.59,47.42,47.13,47.95,48.68,48.63,49.58,49.86,49.16,49.49,49.28,49.13,48.99,48.99,48.91,49.06,49.6,50.51,51.02,50.13
Belize,BLZ,9.30769,2.315834,Belize,TRUE,"Employment to population ratio, 15+, total (%) (modeled ILO estimate)",SL.EMP.TOTL.SP.ZS,,,,,,,,,,,,,,,,,,,,,,,,,,,,,,,,52.96,52.97,52.89,52.06,51.42,50.87,51.93,51.38,52.72,54.44,56.03,55.95,56.27,56.61,56.94,57.84,58.3,58.39,58.1,57.96,57.97,57.99,58.02,58.56,59.16,60.48,60.56,60.81,61.02,56.55
Benin,BEN,32.321384,-64.75737,Benin,TRUE,"Employment to population ratio, 15+, total (%) (modeled ILO estimate)",SL.EMP.TOTL.SP.ZS,,,,,,,,,,,,,,,,,,,,,,,,,,,,,,,,71.39,71.39,71.51,71.63,71.73,71.78,71.79,71.77,71.7,71.61,71.49,71.32,71.35,71.34,71.28,71.18,71.03,70.84,70.56,70.31,68.99,68.97,68.93,68.94,68.98,69.03,69.08,69.11,69.12,68.2
Bermuda,BMU,27.514162,90.433601,Bermuda,TRUE,"Employment to population ratio, 15+, total (%) (modeled ILO estimate)",SL.EMP.TOTL.SP.ZS,,,,,,,,,,,,,,,,,,,,,,,,,,,,,,,,,,,,,,,,,,,,,,,,,,,,,,,,,,,,,
Bhutan,BTN,-16.290154,-63.588653,Bhutan,TRUE,"Employment to population ratio, 15+, total (%) (modeled ILO estimate)",SL.EMP.TOTL.SP.ZS,,,,,,,,,,,,,,,,,,,,,,,,,,,,,,,,70.83,70.45,70.04,69.63,69.22,69.08,68.98,68.93,68.93,68.81,68.68,68.83,69.03,68.72,68.47,68.37,67.9,67.86,67.62,66.02,64.2,62.47,62.43,60.96,64.32,64.67,65.04,65.4,65.74,62.85
Bolivia,BOL,43.915886,17.679076,Bolivia,TRUE,"Employment to population ratio, 15+, total (%) (modeled ILO estimate)",SL.EMP.TOTL.SP.ZS,,,,,,,,,,,,,,,,,,,,,,,,,,,,,,,,67.75,67.66,67.77,67.97,68.2,68.38,68.63,68.72,68.72,68.75,69.15,69.5,69.87,70.25,70.63,71.03,69.98,70.31,70.05,70.18,70.25,67.52,67.64,69.84,64.99,65.32,66.54,69.42,69.61,62.92
Bosnia and Herzegovina,BIH,-22.328474,24.684866,Bosnia and Herzegovina,TRUE,"Employment to population ratio, 15+, total (%) (modeled ILO estimate)",SL.EMP.TOTL.SP.ZS,,,,,,,,,,,,,,,,,,,,,,,,,,,,,,,,41.45,41.19,40.47,39.65,38.63,37.76,37.26,36.52,35.48,34.71,33.97,33.15,32.44,31.73,30.83,30.24,31.64,34.72,34.39,33.39,33.09,33.23,33.33,34.07,33.93,34.88,36.99,38.01,40.01,38.47
Botswana,BWA,-54.423199,3.413194,Botswana,TRUE,"Employment to population ratio, 15+, total (%) (modeled ILO estimate)",SL.EMP.TOTL.SP.ZS,,,,,,,,,,,,,,,,,,,,,,,,,,,,,,,,52.15,50.75,49.21,47.6,47.39,47.22,47.34,47.53,48.39,49.13,47.83,46.57,45.23,46.67,48.06,49.44,50.73,51.92,52.78,49.35,52.78,55.68,58.15,58.23,58.34,58.36,58.42,58.42,58.41,57.1
Brazil,BRA,-6.343194,71.876519,Brazil,TRUE,"Employment to population ratio, 15+, total (%) (modeled ILO estimate)",SL.EMP.TOTL.SP.ZS,,,,,,,,,,,,,,,,,,,,,,,,,,,,,,,,58.12,58.49,59.14,59.4,59.68,57.88,57.93,57.32,57.34,57.75,58.15,58.94,58.55,59.75,60.02,60.27,60.18,60.82,60.24,59.73,59.19,59.67,59.7,59.64,58.65,56.39,55.84,56.15,56.76,51.14
British Virgin Islands,VGB,4.535277,114.727669,British Virgin Islands,TRUE,"Employment to population ratio, 15+, total (%) (modeled ILO estimate)",SL.EMP.TOTL.SP.ZS,,,,,,,,,,,,,,,,,,,,,,,,,,,,,,,,,,,,,,,,,,,,,,,,,,,,,,,,,,,,,
Brunei Darussalam,BRN,42.733883,25.48583,Brunei Darussalam,TRUE,"Employment to population ratio, 15+, total (%) (modeled ILO estimate)",SL.EMP.TOTL.SP.ZS,,,,,,,,,,,,,,,,,,,,,,,,,,,,,,,,62.13,62.3,62.53,62.78,63.06,63.14,63.29,63.55,63.89,64.24,63.94,63.54,63.27,63.12,63.02,62.6,62.23,62.03,62.1,62.1,62.02,61.89,61.71,61.44,60.8,60.11,59.36,60.79,60.24,58.57
Bulgaria,BGR,12.238333,-1.561593,Bulgaria,TRUE,"Employment to population ratio, 15+, total (%) (modeled ILO estimate)",SL.EMP.TOTL.SP.ZS,,,,,,,,,,,,,,,,,,,,,,,,,,,,,,,,49.94,49.97,49.07,48.21,47.38,46.56,45.75,45.69,43.81,41.79,41.36,41.9,43.37,44.92,45.3,47.64,50.09,52.03,50.62,47.91,46.62,46.56,46.89,47.96,49.22,49.4,52.04,52.57,54.35,51.68
Burkina Faso,BFA,-3.373056,29.918886,Burkina Faso,TRUE,"Employment to population ratio, 15+, total (%) (modeled ILO estimate)",SL.EMP.TOTL.SP.ZS,,,,,,,,,,,,,,,,,,,,,,,,,,,,,,,,81.08,80.55,79.97,79.4,78.85,78.28,77.7,77.1,76.39,75.71,75,74.26,73.52,72.37,71.18,70.72,70.29,69.35,68.17,67.07,65.95,64.77,63.54,62.33,62.61,62.88,63.16,63.4,63.39,62.14
Burundi,BDI,12.565679,104.990963,Burundi,TRUE,"Employment to population ratio, 15+, total (%) (modeled ILO estimate)",SL.EMP.TOTL.SP.ZS,,,,,,,,,,,,,,,,,,,,,,,,,,,,,,,,88.52,87.96,87.29,86.6,85.86,85.13,84.33,83.46,82.73,82,81.33,80.65,80.02,79.47,78.98,78.59,78.25,77.94,77.59,77.39,77.26,77.16,77.08,77,77.37,77.67,77.89,78.03,78.09,78.24
Cambodia,KHM,7.369722,12.354722,Cambodia,TRUE,"Employment to population ratio, 15+, total (%) (modeled ILO estimate)",SL.EMP.TOTL.SP.ZS,,,,,,,,,,,,,,,,,,,,,,,,,,,,,,,,78.4,78.65,78.96,80.18,79.99,79.72,79.64,79.4,79.18,77.96,82.61,81.87,80.89,79.53,79.92,80.37,80.75,81.5,82.08,84.57,85.37,83.03,80.41,80.1,80.01,81.77,82.14,82.05,81.94,79.11
Cameroon,CMR,56.130366,-106.346771,Cameroon,TRUE,"Employment to population ratio, 15+, total (%) (modeled ILO estimate)",SL.EMP.TOTL.SP.ZS,,,,,,,,,,,,,,,,,,,,,,,,,,,,,,,,76.9,76.85,76.76,76.64,76.52,76.41,76.36,76.28,76.15,76.09,76.07,76.59,77.11,77.63,78.15,78.74,79.24,77.29,75.07,72.86,73.06,73.24,73.41,73.58,73.61,73.64,73.66,73.64,73.59,71.97
Canada,CAN,16.002082,-24.013197,Canada,TRUE,"Employment to population ratio, 15+, total (%) (modeled ILO estimate)",SL.EMP.TOTL.SP.ZS,,,,,,,,,,,,,,,,,,,,,,,,,,,,,,,,59.42,58.03,57.6,58.05,58.3,58.04,58.55,59.32,60.14,60.81,60.65,61.24,61.98,62.19,62.16,62.37,63.01,63.1,61.2,61.25,61.42,61.42,61.54,61.22,61.08,60.91,61.43,61.45,61.86,57.86
Cayman Islands,CYM,6.611111,20.939444,Cayman Islands,TRUE,"Employment to population ratio, 15+, total (%) (modeled ILO estimate)",SL.EMP.TOTL.SP.ZS,,,,,,,,,,,,,,,,,,,,,,,,,,,,,,,,,,,,,,,,,,,,,,,,,,,,,,,,,,,,,
Central African Republic,CAF,15.454166,18.732207,Central African Republic,TRUE,"Employment to population ratio, 15+, total (%) (modeled ILO estimate)",SL.EMP.TOTL.SP.ZS,,,,,,,,,,,,,,,,,,,,,,,,,,,,,,,,69.72,69.73,69.66,69.59,69.51,69.52,69.46,69.38,69.28,69.28,69.3,69.27,69.31,69.31,69.36,69.54,69.7,69.8,69.61,69.53,69.66,69.69,69.98,69.92,69.77,69.58,69.39,69.16,68.91,67.46
Chad,TCD,-35.675147,-71.542969,Chad,TRUE,"Employment to population ratio, 15+, total (%) (modeled ILO estimate)",SL.EMP.TOTL.SP.ZS,,,,,,,,,,,,,,,,,,,,,,,,,,,,,,,,71.7,71.66,71.81,71.72,71.69,71.72,71.7,71.65,71.64,71.64,71.59,71.52,71.4,71.13,70.95,70.98,70.94,70.85,70.62,70.37,70.3,70.12,69.94,69.77,69.62,69.58,69.52,69.4,69.24,66.54
Chile,CHL,35.86166,104.195397,Chile,TRUE,"Employment to population ratio, 15+, total (%) (modeled ILO estimate)",SL.EMP.TOTL.SP.ZS,,,,,,,,,,,,,,,,,,,,,,,,,,,,,,,,51.95,52.91,53.1,52.54,53.59,52.35,52.8,52.85,50.6,50.44,49.84,49.63,50.4,50.88,51.91,52.77,53.71,54.54,53.19,55.33,57.12,57.49,57.88,57.84,58.04,57.84,58,57.97,57.81,50.78
China,CHN,-10.447525,105.690449,China,TRUE,"Employment to population ratio, 15+, total (%) (modeled ILO estimate)",SL.EMP.TOTL.SP.ZS,,,,,,,,,,,,,,,,,,,,,,,,,,,,,,,,77.16,77.11,76.83,76.6,76.4,76.15,75.86,75.6,75.2,74.82,73.74,72.67,71.56,70.88,70.24,69.77,69.41,68.83,68.37,68.05,67.86,67.58,67.34,67.07,66.76,66.48,66.14,65.76,65.1,63.48
Colombia,COL,-11.875001,43.872219,Colombia,TRUE,"Employment to population ratio, 15+, total (%) (modeled ILO estimate)",SL.EMP.TOTL.SP.ZS,,,,,,,,,,,,,,,,,,,,,,,,,,,,,,,,60,60.68,62.05,62.03,61.95,59.9,59.82,57.84,54.11,53.9,57.7,57.29,58.77,57.86,58.44,57.8,57.14,57.46,59.26,60.73,61.92,63.02,63.16,63.56,64.06,63.46,63.04,62.42,61.05,52.97
Comoros,COM,-4.038333,21.758664,Comoros,TRUE,"Employment to population ratio, 15+, total (%) (modeled ILO estimate)",SL.EMP.TOTL.SP.ZS,,,,,,,,,,,,,,,,,,,,,,,,,,,,,,,,40.52,40.42,40.39,40.51,40.46,40.47,40.37,40.31,40.23,40.02,39.96,39.9,39.87,39.88,39.99,40.14,40.32,40.5,40.57,40.72,40.9,41.07,41.23,41.42,41.59,41.71,41.82,41.93,42.03,40.56
"Congo, Dem. Rep.",COD,-0.228021,15.827659,Congo [DRC],FALSE,"Employment to population ratio, 15+, total (%) (modeled ILO estimate)",SL.EMP.TOTL.SP.ZS,,,,,,,,,,,,,,,,,,,,,,,,,,,,,,,,68.76,68.96,69.17,69.24,69.22,69.31,69.41,69.42,69.43,69.51,69.6,69.59,69.58,69.56,69.56,68.48,67.37,66.22,64.9,63.66,62.42,61.15,61.12,61.09,61.06,61.08,61.09,61.04,60.96,58.59
"Congo, Rep.",COG,-21.236736,-159.777671,Congo [Republic],FALSE,"Employment to population ratio, 15+, total (%) (modeled ILO estimate)",SL.EMP.TOTL.SP.ZS,,,,,,,,,,,,,,,,,,,,,,,,,,,,,,,,54.84,54.63,54.41,54.37,54.33,54.28,54.34,54.38,54.46,54.54,54.66,54.69,54.83,55.02,55.22,56.13,57.11,57.91,58.31,59.88,61.48,62.88,62.91,62.9,62.88,62.9,62.91,62.83,62.73,59.54
Costa Rica,CRI,45.1,15.2,Costa Rica,TRUE,"Employment to population ratio, 15+, total (%) (modeled ILO estimate)",SL.EMP.TOTL.SP.ZS,,,,,,,,,,,,,,,,,,,,,,,,,,,,,,,,55.18,55.19,55.85,56.17,56.41,54,56.33,57.98,57.24,56.48,58.09,57.48,57.38,56.43,58.35,58.55,60.12,59.62,57.24,56.48,54.08,57.62,57.83,57.34,56.38,54.26,55.3,56.19,57.06,50.27
Croatia,HRV,21.521757,-77.781167,Croatia,TRUE,"Employment to population ratio, 15+, total (%) (modeled ILO estimate)",SL.EMP.TOTL.SP.ZS,,,,,,,,,,,,,,,,,,,,,,,,,,,,,,,,51.2,50.94,50.69,50.36,50.01,49.74,49.36,48.11,46.64,45.03,44.86,44.42,45.04,46.18,46.58,46.85,47.84,48.74,48.37,46.56,44.73,43.11,41.93,43.12,44.04,44.48,45.83,47.03,48.07,47.64
Cuba,CUB,35.126413,33.429859,Cuba,TRUE,"Employment to population ratio, 15+, total (%) (modeled ILO estimate)",SL.EMP.TOTL.SP.ZS,,,,,,,,,,,,,,,,,,,,,,,,,,,,,,,,45.98,46.3,46.56,46.87,47.11,47.69,48.01,48.41,48.39,48.85,49.54,49.95,50.52,50.84,51.46,52.02,53,53.53,54.52,53.62,53.13,52.83,52.75,52.88,52.89,52.93,52.95,52.81,52.62,48.35
Cyprus,CYP,49.817492,15.472962,Cyprus,TRUE,"Employment to population ratio, 15+, total (%) (modeled ILO estimate)",SL.EMP.TOTL.SP.ZS,,,,,,,,,,,,,,,,,,,,,,,,,,,,,,,,58.98,58.82,58.7,58.74,58.24,58.16,58,57.37,57.05,57.8,59.64,59.97,60.44,60.68,59.67,60.35,61.08,61.1,60.19,60.05,58.23,55.42,52.74,53.07,53.3,53.97,55.4,57.94,59.27,58.89
Czech Republic,CZE,7.539989,-5.54708,Czech Republic,TRUE,"Employment to population ratio, 15+, total (%) (modeled ILO estimate)",SL.EMP.TOTL.SP.ZS,,,,,,,,,,,,,,,,,,,,,,,,,,,,,,,,59.89,59.32,58.71,58.9,58.93,58.68,57.92,56.92,55.45,54.86,54.97,55.44,54.89,54.28,54.78,55.08,55.73,55.92,54.7,54.1,54.32,54.57,55.23,55.81,56.61,57.77,58.71,59.41,59.29,57.92
Denmark,DNK,11.825138,42.590275,Denmark,TRUE,"Employment to population ratio, 15+, total (%) (modeled ILO estimate)",SL.EMP.TOTL.SP.ZS,,,,,,,,,,,,,,,,,,,,,,,,,,,,,,,,61.11,61.02,59.33,59.33,60.78,60.92,62.23,62.16,62.78,62.83,62.68,63.27,61.98,62.58,62.68,63.67,63.35,62.75,60.26,58.58,58.15,57.44,56.83,56.92,57.28,57.72,57.9,58.46,59.09,58.41
Djibouti,DJI,15.414999,-61.370976,Djibouti,TRUE,"Employment to population ratio, 15+, total (%) (modeled ILO estimate)",SL.EMP.TOTL.SP.ZS,,,,,,,,,,,,,,,,,,,,,,,,,,,,,,,,55.94,55.75,55.5,55.28,55.2,55.11,55.12,55.14,55.04,54.92,54.75,54.41,54.06,53.8,53.65,53.64,53.74,53.84,53.75,53.8,53.77,53.73,53.67,53.64,53.59,53.59,53.62,53.58,53.55,51.92
Dominica,DMA,18.735693,-70.162651,Dominica,TRUE,"Employment to population ratio, 15+, total (%) (modeled ILO estimate)",SL.EMP.TOTL.SP.ZS,,,,,,,,,,,,,,,,,,,,,,,,,,,,,,,,,,,,,,,,,,,,,,,,,,,,,,,,,,,,,
Dominican Republic,DOM,-1.831239,-78.183406,Dominican Republic,TRUE,"Employment to population ratio, 15+, total (%) (modeled ILO estimate)",SL.EMP.TOTL.SP.ZS,,,,,,,,,,,,,,,,,,,,,,,,,,,,,,,,54.98,55.06,55.1,55.15,55.23,55.31,55.42,55.52,55.59,55.7,54.13,54.91,53.79,54.1,53.75,55.44,55.38,55.96,53.47,55.05,56.06,56.43,56.32,56.97,58.88,59.44,60.41,61.86,62.71,56.24
Ecuador,ECU,26.820553,30.802498,Ecuador,TRUE,"Employment to population ratio, 15+, total (%) (modeled ILO estimate)",SL.EMP.TOTL.SP.ZS,,,,,,,,,,,,,,,,,,,,,,,,,,,,,,,,61.3,61.48,61.63,61.94,62.15,62.28,62.5,64.89,64.57,64.28,64.32,63.5,62.65,65.31,65.59,67,65.86,65.47,63.17,62.45,62.12,62.84,62.32,61.84,64.07,65.26,66.42,65.63,65.25,58.7
Egypt,EGY,13.794185,-88.89653,Egypt,TRUE,"Employment to population ratio, 15+, total (%) (modeled ILO estimate)",SL.EMP.TOTL.SP.ZS,,,,,,,,,,,,,,,,,,,,,,,,,,,,,,,,42.32,42.51,41.6,42.44,41.35,41.83,41.62,41.26,42.67,41.98,41.39,40.61,40.6,41.37,41.4,42.11,43.9,43.91,44.22,44.81,43.02,42.96,43.09,43.09,41.67,41.78,40.95,40.52,40.47,38.51
El Salvador,SLV,1.650801,10.267895,El Salvador,TRUE,"Employment to population ratio, 15+, total (%) (modeled ILO estimate)",SL.EMP.TOTL.SP.ZS,,,,,,,,,,,,,,,,,,,,,,,,,,,,,,,,56.32,56.25,55.81,57.95,57.29,55.96,55.58,57.81,57.83,57.16,56.66,56.88,57.92,56.81,56.51,57.33,57.89,58.11,57.09,57,57.2,58.11,58.56,57.09,56.49,56.89,56.6,56.57,56.78,48.77
Equatorial Guinea,GNQ,15.179384,39.782334,Equatorial Guinea,TRUE,"Employment to population ratio, 15+, total (%) (modeled ILO estimate)",SL.EMP.TOTL.SP.ZS,,,,,,,,,,,,,,,,,,,,,,,,,,,,,,,,54.98,54.99,54.97,54.95,54.89,54.5,54.16,53.95,53.9,54.08,53.98,54.02,54.29,54.75,55.3,55.37,55.57,55.9,56.15,56.59,56.48,56.44,56.55,56.87,57.24,56.94,56.79,56.83,57.03,55.24
Eritrea,ERI,58.595272,25.013607,Eritrea,TRUE,"Employment to population ratio, 15+, total (%) (modeled ILO estimate)",SL.EMP.TOTL.SP.ZS,,,,,,,,,,,,,,,,,,,,,,,,,,,,,,,,75.74,75.69,75.51,75.27,75.12,74.84,74.51,74.15,73.72,73.36,72.57,71.78,71.15,70.64,70.33,70.73,71.18,71.7,71.9,72.28,72.79,73.25,73.69,73.79,74.14,74.08,74.19,74.08,73.94,68.52
Estonia,EST,9.145,40.489673,Estonia,TRUE,"Employment to population ratio, 15+, total (%) (modeled ILO estimate)",SL.EMP.TOTL.SP.ZS,,,,,,,,,,,,,,,,,,,,,,,,,,,,,,,,61.94,60.42,58.41,57.48,55.8,55.13,55.18,54.68,52.37,51.12,50.47,51.14,52.2,52.88,53.91,56.99,57.89,58,52.63,50.42,53.66,55.13,55.99,56.65,58.35,58.74,60.09,60.41,60.68,58.84
Ethiopia,ETH,-51.796253,-59.523613,Ethiopia,TRUE,"Employment to population ratio, 15+, total (%) (modeled ILO estimate)",SL.EMP.TOTL.SP.ZS,,,,,,,,,,,,,,,,,,,,,,,,,,,,,,,,75.66,75.72,75.62,75.59,75.92,76.21,76.49,76.75,76.98,77.51,78.05,78.55,79.07,79.59,80.09,80.02,79.93,79.79,79.51,79.33,79.18,79.04,78.9,78.63,78.36,78.15,77.97,77.82,77.67,74.3
Faroe Islands,FRO,-16.578193,179.414413,Faroe Islands,TRUE,"Employment to population ratio, 15+, total (%) (modeled ILO estimate)",SL.EMP.TOTL.SP.ZS,,,,,,,,,,,,,,,,,,,,,,,,,,,,,,,,,,,,,,,,,,,,,,,,,,,,,,,,,,,,,
Fiji,FJI,61.92411,25.748151,Fiji,TRUE,"Employment to population ratio, 15+, total (%) (modeled ILO estimate)",SL.EMP.TOTL.SP.ZS,,,,,,,,,,,,,,,,,,,,,,,,,,,,,,,,57.89,57.65,57.54,57.33,57.24,57.01,56.51,56.01,55.52,55.09,54.96,54.87,54.82,54.8,54.76,55.66,56.53,57.34,58,58.79,59.72,58.69,57.66,56.64,56.22,55.64,55.46,55.3,55.19,53.45
Finland,FIN,46.227638,2.213749,Finland,TRUE,"Employment to population ratio, 15+, total (%) (modeled ILO estimate)",SL.EMP.TOTL.SP.ZS,,,,,,,,,,,,,,,,,,,,,,,,,,,,,,,,59.62,55.06,51.47,50.67,49.66,49.96,51,52.14,53.7,54.23,54.92,54.92,54.64,54.28,55.52,56.32,57.1,57.6,55.45,54.82,55.17,55.08,54.22,53.78,53.33,53.32,53.66,54.94,55.31,54.78
France,FRA,3.933889,-53.125782,France,TRUE,"Employment to population ratio, 15+, total (%) (modeled ILO estimate)",SL.EMP.TOTL.SP.ZS,,,,,,,,,,,,,,,,,,,,,,,,,,,,,,,,50.03,49.53,48.91,48.13,48.58,48.64,48.22,48.54,48.81,49.73,50.34,50.48,51.3,50.84,51.15,51.08,51.65,52.07,51.29,51.13,50.93,50.76,50.43,49.86,49.76,49.84,50.07,50.31,50.33,49.46
French Polynesia,PYF,-49.280366,69.348557,French Polynesia,TRUE,"Employment to population ratio, 15+, total (%) (modeled ILO estimate)",SL.EMP.TOTL.SP.ZS,,,,,,,,,,,,,,,,,,,,,,,,,,,,,,,,52.43,52.67,52.94,53.06,53.13,53.22,53.07,52.81,52.48,52.06,51.63,51.22,50.84,50.48,50.18,49.93,49.76,49.83,50.03,50.02,49.99,49.91,49.69,49.36,48.99,48.59,48.17,47.74,47.34,45.71
Gabon,GAB,13.443182,-15.310139,Gabon,TRUE,"Employment to population ratio, 15+, total (%) (modeled ILO estimate)",SL.EMP.TOTL.SP.ZS,,,,,,,,,,,,,,,,,,,,,,,,,,,,,,,,38.45,38.45,38.33,38.3,38.29,38.32,38.34,38.4,38.65,38.83,38.91,39.01,39.14,39.37,39.61,39.62,39.54,39.63,39.44,39.37,39.48,39.7,40,40.47,40.96,41.4,41.85,42.24,42.51,41.39
Gambia,GMB,31.354676,34.308825,Gambia,TRUE,"Employment to population ratio, 15+, total (%) (modeled ILO estimate)",SL.EMP.TOTL.SP.ZS,,,,,,,,,,,,,,,,,,,,,,,,,,,,,,,,52.52,52.65,52.7,52.78,52.87,52.88,52.88,52.87,52.82,52.8,52.8,52.75,52.73,52.76,52.83,52.95,53.06,53.14,53.04,53.11,53.24,53.38,53.39,53.53,53.59,53.73,53.85,53.93,53.98,51.7
Georgia,GEO,51.165691,10.451526,Georgia,TRUE,"Employment to population ratio, 15+, total (%) (modeled ILO estimate)",SL.EMP.TOTL.SP.ZS,,,,,,,,,,,,,,,,,,,,,,,,,,,,,,,,66.28,65.24,66.1,64.89,64.71,60.5,59.13,56.54,56.52,56.6,58.59,55.88,57.83,56.14,55.26,55.58,55.96,53.19,51.54,52.92,54.1,54.85,54.59,56.58,57.83,57.07,57.44,56.16,56.26,56.17
Germany,DEU,7.946527,-1.023194,Germany,TRUE,"Employment to population ratio, 15+, total (%) (modeled ILO estimate)",SL.EMP.TOTL.SP.ZS,,,,,,,,,,,,,,,,,,,,,,,,,,,,,,,,56.46,55.28,53.85,53.42,53.44,52.85,52.41,52.44,53.16,53.46,53.45,52.94,52.24,51.41,51.93,52.81,54.06,54.75,54.76,55.29,56.51,56.72,57.08,57.24,57.3,57.83,58.25,58.77,59.32,57.96
Ghana,GHA,36.137741,-5.345374,Ghana,TRUE,"Employment to population ratio, 15+, total (%) (modeled ILO estimate)",SL.EMP.TOTL.SP.ZS,,,,,,,,,,,,,,,,,,,,,,,,,,,,,,,,71.41,71.4,70.96,70.55,70.11,69.69,69.25,68.76,67.28,66.99,67.3,67.49,67.66,67.83,67.97,68.09,67.76,67.39,66.85,66.4,65.84,65.24,64.61,64.01,63.39,64.31,65.08,65.07,65.02,63.21
Gibraltar,GIB,39.074208,21.824312,Gibraltar,TRUE,"Employment to population ratio, 15+, total (%) (modeled ILO estimate)",SL.EMP.TOTL.SP.ZS,,,,,,,,,,,,,,,,,,,,,,,,,,,,,,,,,,,,,,,,,,,,,,,,,,,,,,,,,,,,,
Greece,GRC,71.706936,-42.604303,Greece,TRUE,"Employment to population ratio, 15+, total (%) (modeled ILO estimate)",SL.EMP.TOTL.SP.ZS,,,,,,,,,,,,,,,,,,,,,,,,,,,,,,,,46.12,46.67,46.14,46.62,46.96,47.25,47.09,47.25,47.06,47.37,46.9,47.45,48.1,48.36,48.36,48.92,48.96,49.09,48.32,46.61,43.4,39.78,38.01,38.28,39.2,39.95,40.95,42.04,43.19,42.7
Greenland,GRL,12.262776,-61.604171,Greenland,TRUE,"Employment to population ratio, 15+, total (%) (modeled ILO estimate)",SL.EMP.TOTL.SP.ZS,,,,,,,,,,,,,,,,,,,,,,,,,,,,,,,,,,,,,,,,,,,,,,,,,,,,,,,,,,,,,
Grenada,GRD,16.995971,-62.067641,Grenada,TRUE,"Employment to population ratio, 15+, total (%) (modeled ILO estimate)",SL.EMP.TOTL.SP.ZS,,,,,,,,,,,,,,,,,,,,,,,,,,,,,,,,,,,,,,,,,,,,,,,,,,,,,,,,,,,,,
Guam,GUM,15.783471,-90.230759,Guam,TRUE,"Employment to population ratio, 15+, total (%) (modeled ILO estimate)",SL.EMP.TOTL.SP.ZS,,,,,,,,,,,,,,,,,,,,,,,,,,,,,,,,69.09,68.76,67.41,65.68,65.23,64.66,63.34,64.39,59.78,58.49,59.66,60.61,61.67,62.38,62.48,62.13,61.27,60.56,60.11,60.55,56.99,57.46,57.68,59.99,60.26,61.08,60.87,60.67,60.43,57.81
Guatemala,GTM,49.465691,-2.585278,Guatemala,TRUE,"Employment to population ratio, 15+, total (%) (modeled ILO estimate)",SL.EMP.TOTL.SP.ZS,,,,,,,,,,,,,,,,,,,,,,,,,,,,,,,,60.23,60.19,60.1,60.07,60.1,60.09,60.15,60.23,60.29,60.36,60.49,60.61,60.73,60.78,60.57,60.4,60.21,59.97,59.59,59.31,59.36,64.23,59.4,60.1,59.89,60.34,60.67,60.92,61.16,54.4
Guinea,GIN,11.803749,-15.180413,Guinea,TRUE,"Employment to population ratio, 15+, total (%) (modeled ILO estimate)",SL.EMP.TOTL.SP.ZS,,,,,,,,,,,,,,,,,,,,,,,,,,,,,,,,61.43,61.47,61.42,61.38,61.31,61.34,61.33,61.3,61.2,61.11,61.12,61.01,60.94,60.84,60.71,60.74,60.67,60.58,60.38,60.2,60.08,59.94,59.8,59.7,59.58,59.33,59.11,58.98,58.85,56.98
Guinea-Bissau,GNB,4.860416,-58.93018,Guinea-Bissau,TRUE,"Employment to population ratio, 15+, total (%) (modeled ILO estimate)",SL.EMP.TOTL.SP.ZS,,,,,,,,,,,,,,,,,,,,,,,,,,,,,,,,71.12,71.05,70.94,70.81,70.65,70.48,70.3,70.4,70.2,70.02,69.92,69.83,69.74,69.67,69.6,69.62,69.64,69.64,69.5,69.48,69.52,69.63,69.69,69.81,69.86,69.93,69.99,70.05,70.06,67.15
Guyana,GUY,18.971187,-72.285215,Guyana,TRUE,"Employment to population ratio, 15+, total (%) (modeled ILO estimate)",SL.EMP.TOTL.SP.ZS,,,,,,,,,,,,,,,,,,,,,,,,,,,,,,,,52.81,52.85,52.85,52.37,51.92,51.55,51.24,50.97,50.7,50.49,50.1,49.61,49.77,49.89,49.93,50.08,49.9,49.63,49.13,48.84,48.52,48.25,48,47.81,47.6,47.43,47.3,47.15,47.17,43.22
Haiti,HTI,-53.08181,73.504158,Haiti,TRUE,"Employment to population ratio, 15+, total (%) (modeled ILO estimate)",SL.EMP.TOTL.SP.ZS,,,,,,,,,,,,,,,,,,,,,,,,,,,,,,,,62.48,62.16,61.78,61.39,60.97,60.54,60.07,59.59,59.12,58.08,57.5,56.9,56.32,55.76,55.2,54.64,54.05,54.76,55.1,55.69,56.37,57.02,57.26,57.56,57.83,58.11,58.41,58.7,58.95,55.22
Honduras,HND,22.396428,114.109497,Honduras,TRUE,"Employment to population ratio, 15+, total (%) (modeled ILO estimate)",SL.EMP.TOTL.SP.ZS,,,,,,,,,,,,,,,,,,,,,,,,,,,,,,,,62.97,64.13,64.24,64.27,64.42,63.78,64.64,64.32,64.51,63.47,62.39,62.1,61.01,60.3,60.72,60.06,59.36,60.13,61.11,61.7,59.4,58.95,61.47,61.88,62.47,61.71,63.29,64.87,65.13,54.34
"Hong Kong SAR, China",HKG,47.162494,19.503304,Hong Kong,FALSE,"Employment to population ratio, 15+, total (%) (modeled ILO estimate)",SL.EMP.TOTL.SP.ZS,,,,,,,,,,,,,,,,,,,,,,,,,,,,,,,,62.55,61.51,60.93,60.72,59.96,59.85,59.97,58.5,57.45,58.26,58.13,57.11,56.43,57.05,57.53,57.93,58.43,58.24,57.1,56.6,57.58,58.11,58.78,58.67,58.75,58.59,58.67,58.52,58.1,54.9
Hungary,HUN,64.963051,-19.020835,Hungary,TRUE,"Employment to population ratio, 15+, total (%) (modeled ILO estimate)",SL.EMP.TOTL.SP.ZS,,,,,,,,,,,,,,,,,,,,,,,,,,,,,,,,49.08,48.99,45.98,45.01,44.41,43.27,42.98,43.59,45.37,45.77,45.98,46.03,46.74,46.48,46.54,46.77,46.63,46.1,44.97,44.86,45.16,45.91,46.77,49.51,51.09,52.91,53.91,54.46,54.88,54.25
Iceland,ISL,20.593684,78.96288,Iceland,TRUE,"Employment to population ratio, 15+, total (%) (modeled ILO estimate)",SL.EMP.TOTL.SP.ZS,,,,,,,,,,,,,,,,,,,,,,,,,,,,,,,,72.38,71.97,70.52,70.51,72.73,72.79,71.86,73.68,75.55,76.85,76.63,74.71,73.72,73.3,73.84,74.45,74.99,73.83,69.25,69.24,69.09,69.89,71.06,72.53,73.95,75.43,74.54,73.26,71.74,69.43
India,IND,-0.789275,113.921327,India,TRUE,"Employment to population ratio, 15+, total (%) (modeled ILO estimate)",SL.EMP.TOTL.SP.ZS,,,,,,,,,,,,,,,,,,,,,,,,,,,,,,,,55.15,55.09,55.03,55.03,54.91,54.77,54.63,54.49,54.34,54.23,54.34,54.43,54.55,54.71,54.89,54.17,53.46,52.74,51.88,51.15,50.28,49.44,48.96,48.52,48.08,47.64,47.21,46.79,46.74,43
Indonesia,IDN,32.427908,53.688046,Indonesia,TRUE,"Employment to population ratio, 15+, total (%) (modeled ILO estimate)",SL.EMP.TOTL.SP.ZS,,,,,,,,,,,,,,,,,,,,,,,,,,,,,,,,63.8,64.08,63.3,63.52,63.42,63.3,62.97,62.86,62.59,63.15,62.33,60.88,60.45,60.29,58.83,59.21,60.94,61.84,62.59,63.42,63.81,64.71,64.14,64.11,63.49,63.33,64.21,64.47,65.54,63.72
"Iran, Islamic Rep.",IRN,33.223191,43.679291,Iran,FALSE,"Employment to population ratio, 15+, total (%) (modeled ILO estimate)",SL.EMP.TOTL.SP.ZS,,,,,,,,,,,,,,,,,,,,,,,,,,,,,,,,40.63,40.37,40.05,39.75,39.44,39.13,39.08,39.05,39.05,39.14,39.33,39.53,40.68,41.89,41.72,41.19,40.55,38.61,38.39,37.1,37.19,36.78,37.37,36.97,37.75,38.48,39.44,39.53,40.13,37.77
Iraq,IRQ,53.41291,-8.24389,Iraq,TRUE,"Employment to population ratio, 15+, total (%) (modeled ILO estimate)",SL.EMP.TOTL.SP.ZS,,,,,,,,,,,,,,,,,,,,,,,,,,,,,,,,38.31,38.22,38.27,38.43,38.48,38.57,38.61,38.59,38.56,38.56,38.56,38.53,38.52,38.52,38.53,38.55,38.55,38.63,38.56,38.57,38.68,38.8,39.01,39.22,39.26,39.26,37.08,37.39,37.49,35.66
Ireland,IRL,54.236107,-4.548056,Ireland,TRUE,"Employment to population ratio, 15+, total (%) (modeled ILO estimate)",SL.EMP.TOTL.SP.ZS,,,,,,,,,,,,,,,,,,,,,,,,,,,,,,,,47.61,46.9,47.11,48.23,49.83,50.69,52.17,55.45,58.06,59.83,60.14,59.95,59.98,60.24,62.28,62.95,63.14,61.37,56.1,53.8,52.76,52.46,53.82,54.81,56,57.17,58.02,58.78,59.36,57.75
Isle of Man,IMN,31.046051,34.851612,Isle of Man,TRUE,"Employment to population ratio, 15+, total (%) (modeled ILO estimate)",SL.EMP.TOTL.SP.ZS,,,,,,,,,,,,,,,,,,,,,,,,,,,,,,,,,,,,,,,,,,,,,,,,,,,,,,,,,,,,,
Israel,ISR,41.87194,12.56738,Israel,TRUE,"Employment to population ratio, 15+, total (%) (modeled ILO estimate)",SL.EMP.TOTL.SP.ZS,,,,,,,,,,,,,,,,,,,,,,,,,,,,,,,,51.22,51.18,53.12,55.5,56.4,55.96,54.75,53.87,53.92,54.41,53.96,52.66,52.57,53.31,54.71,55.49,56.82,57.92,56.77,57.69,58.38,59.2,59.77,60.38,60.76,61.15,61.4,61.52,61.28,59.31
Italy,ITA,18.109581,-77.297508,Italy,TRUE,"Employment to population ratio, 15+, total (%) (modeled ILO estimate)",SL.EMP.TOTL.SP.ZS,,,,,,,,,,,,,,,,,,,,,,,,,,,,,,,,45.47,44.22,43.35,42.45,41.81,41.78,41.67,41.78,42.16,42.54,43.3,43.89,44.43,45.63,45.17,45.58,45.66,45.64,44.55,44.01,43.96,43.69,42.66,42.62,42.95,43.52,44.05,44.44,44.77,43.89
Jamaica,JAM,36.204824,138.252924,Jamaica,TRUE,"Employment to population ratio, 15+, total (%) (modeled ILO estimate)",SL.EMP.TOTL.SP.ZS,,,,,,,,,,,,,,,,,,,,,,,,,,,,,,,,60.17,60.17,59.76,60.44,59.22,58.73,57.76,57.48,56.86,56.51,56.47,56.49,57.6,57.58,57.43,57.77,57.87,57.23,56.31,55.41,55.02,54.07,54.2,55.15,55.64,57.03,58.81,59.85,61.52,58.8
Japan,JPN,49.214439,-2.13125,Japan,TRUE,"Employment to population ratio, 15+, total (%) (modeled ILO estimate)",SL.EMP.TOTL.SP.ZS,,,,,,,,,,,,,,,,,,,,,,,,,,,,,,,,62.58,62.79,62.44,61.97,61.58,61.53,61.71,60.95,60.08,59.65,59.13,58.23,57.93,57.86,57.94,58.05,58.34,58.16,57.29,57.01,56.9,56.73,57.23,57.67,57.95,58.57,59.17,60.4,60.87,60.49
Jordan,JOR,48.019573,66.923684,Jordan,TRUE,"Employment to population ratio, 15+, total (%) (modeled ILO estimate)",SL.EMP.TOTL.SP.ZS,,,,,,,,,,,,,,,,,,,,,,,,,,,,,,,,32.95,32.93,33.32,34.82,36.19,36.61,36.55,36.46,36.34,36.27,35.77,35.18,34.97,34.91,34.83,34.96,36.51,36.42,37.05,36.57,35.83,35.37,34.3,34.59,34.15,33.34,33.19,33.02,32.83,30.88
Kazakhstan,KAZ,-0.023559,37.906193,Kazakhstan,TRUE,"Employment to population ratio, 15+, total (%) (modeled ILO estimate)",SL.EMP.TOTL.SP.ZS,,,,,,,,,,,,,,,,,,,,,,,,,,,,,,,,70.65,70.64,70.84,66.73,64.53,62.93,62.69,62.61,62.2,62.27,63.32,63.68,63.7,63.43,63.87,64.29,64.92,65.68,65.46,66.3,66.59,66.75,66.94,67.29,67.4,66.65,65.85,65.75,65.51,62.06
Kenya,KEN,-3.370417,-168.734039,Kenya,TRUE,"Employment to population ratio, 15+, total (%) (modeled ILO estimate)",SL.EMP.TOTL.SP.ZS,,,,,,,,,,,,,,,,,,,,,,,,,,,,,,,,71.27,71.08,70.84,70.63,70.44,70.25,70.15,70.04,69.94,68.96,67.92,66.78,65.61,64.44,63.26,64.46,65.65,66.79,67.71,68.62,69.48,70.25,70.95,71.65,72.31,72.96,72.76,72.54,72.31,69.75
Kiribati,KIR,42.602636,20.902977,Kiribati,TRUE,"Employment to population ratio, 15+, total (%) (modeled ILO estimate)",SL.EMP.TOTL.SP.ZS,,,,,,,,,,,,,,,,,,,,,,,,,,,,,,,,,,,,,,,,,,,,,,,,,,,,,,,,,,,,,
Kosovo,XKX,29.31166,47.481766,Kosovo,TRUE,"Employment to population ratio, 15+, total (%) (modeled ILO estimate)",SL.EMP.TOTL.SP.ZS,,,,,,,,,,,,,,,,,,,,,,,,,,,,,,,,,,,,,,,,,,,,,,,,,,,,,,,,,,,,,
Kuwait,KWT,41.20438,74.766098,Kuwait,TRUE,"Employment to population ratio, 15+, total (%) (modeled ILO estimate)",SL.EMP.TOTL.SP.ZS,,,,,,,,,,,,,,,,,,,,,,,,,,,,,,,,63.51,63.82,64.59,65.82,66.76,66.56,66.44,66.41,66.78,66.86,66.63,66.35,65.75,65.58,65.95,65.75,65.62,65.9,67.14,68.05,68.42,68.84,69.4,69.84,70.97,71.19,71.68,71.79,71.83,66.32
Kyrgyz Republic,KGZ,19.85627,102.495496,Kyrgyzstan,FALSE,"Employment to population ratio, 15+, total (%) (modeled ILO estimate)",SL.EMP.TOTL.SP.ZS,,,,,,,,,,,,,,,,,,,,,,,,,,,,,,,,58.38,60.24,60.91,62.87,63.12,61.38,60.36,59.42,59.56,59.72,59.13,56.29,57.65,58.25,59.59,60.25,59.86,59.23,58.48,58.55,59.03,58.53,57.3,57.38,57.67,57.13,56.06,55.05,54.91,50.64
Lao PDR,LAO,56.879635,24.603189,Laos,FALSE,"Employment to population ratio, 15+, total (%) (modeled ILO estimate)",SL.EMP.TOTL.SP.ZS,,,,,,,,,,,,,,,,,,,,,,,,,,,,,,,,79.3,79.23,79.12,78.98,78.89,78.85,78.8,78.73,78.61,78.5,78.39,78.23,78.07,77.9,77.74,77.71,77.67,77.62,77.52,77.51,77.54,77.6,77.65,77.71,77.75,77.72,77.69,77.66,77.66,76.6
Latvia,LVA,33.854721,35.862285,Latvia,TRUE,"Employment to population ratio, 15+, total (%) (modeled ILO estimate)",SL.EMP.TOTL.SP.ZS,,,,,,,,,,,,,,,,,,,,,,,,,,,,,,,,58.62,56.85,50.9,49.31,48.89,47.53,51.01,50.32,49.6,48.09,48.55,49.81,50.09,50.55,51.52,54.86,56.56,56.73,49.57,47.49,49.11,50.76,52.31,52.81,54.13,54.77,55.88,57.2,57.54,56.77
Lebanon,LBN,-29.609988,28.233608,Lebanon,TRUE,"Employment to population ratio, 15+, total (%) (modeled ILO estimate)",SL.EMP.TOTL.SP.ZS,,,,,,,,,,,,,,,,,,,,,,,,,,,,,,,,40.28,40.24,40.47,40.85,41.29,41.18,41.44,41.63,42,42.37,42.78,43.16,43.52,43.66,43.63,43.53,43.39,43.74,43.85,43.57,43.71,43.78,43.76,43.78,43.84,43.92,44.01,44.22,44.63,42.32
Lesotho,LSO,6.428055,-9.429499,Lesotho,TRUE,"Employment to population ratio, 15+, total (%) (modeled ILO estimate)",SL.EMP.TOTL.SP.ZS,,,,,,,,,,,,,,,,,,,,,,,,,,,,,,,,47.2,47.09,46.9,46.79,46.73,46.59,46.44,46.95,47.37,47.64,47.88,48.01,48.21,48.48,48.79,49.21,49.6,49.89,49.76,49.93,50.31,50.65,50.96,51.1,51.16,51.27,51.45,51.6,51.7,50.22
Liberia,LBR,26.3351,17.228331,Liberia,TRUE,"Employment to population ratio, 15+, total (%) (modeled ILO estimate)",SL.EMP.TOTL.SP.ZS,,,,,,,,,,,,,,,,,,,,,,,,,,,,,,,,73.97,74.08,74.1,74.06,74.05,73.9,73.34,73.14,72.96,72.69,72.8,72.85,73.22,73.29,73.41,73.58,73.73,73.86,73.85,73.84,73.84,73.79,73.68,73.63,73.53,74.39,74.25,74.08,73.93,70.33
Libya,LBY,47.166,9.555373,Libya,TRUE,"Employment to population ratio, 15+, total (%) (modeled ILO estimate)",SL.EMP.TOTL.SP.ZS,,,,,,,,,,,,,,,,,,,,,,,,,,,,,,,,34.87,34.9,34.94,35.07,35.26,35.34,35.48,35.67,35.87,36.15,36.4,36.66,36.99,37.4,37.85,38.26,38.66,39,39.07,39.32,39.57,39.77,39.92,40.09,40.17,40.31,40.45,40.55,40.58,38.81
Liechtenstein,LIE,55.169438,23.881275,Liechtenstein,TRUE,"Employment to population ratio, 15+, total (%) (modeled ILO estimate)",SL.EMP.TOTL.SP.ZS,,,,,,,,,,,,,,,,,,,,,,,,,,,,,,,,,,,,,,,,,,,,,,,,,,,,,,,,,,,,,
Lithuania,LTU,49.815273,6.129583,Lithuania,TRUE,"Employment to population ratio, 15+, total (%) (modeled ILO estimate)",SL.EMP.TOTL.SP.ZS,,,,,,,,,,,,,,,,,,,,,,,,,,,,,,,,61.26,61.21,53.68,53.89,51.31,51.67,52.65,52.54,52.93,50.55,48.84,50.61,52.41,51.03,51.51,52.04,53.21,52.65,48.85,46.82,48.95,50.38,51.42,52.79,53.86,55.79,56.6,57.96,58.11,56.8
Luxembourg,LUX,22.198745,113.543873,Luxembourg,TRUE,"Employment to population ratio, 15+, total (%) (modeled ILO estimate)",SL.EMP.TOTL.SP.ZS,,,,,,,,,,,,,,,,,,,,,,,,,,,,,,,,51.11,51.63,50.91,50.27,48.82,49.14,49.72,49.78,50.82,52.12,51.87,52.45,51.19,51.33,52.34,52.66,52.78,52.23,54.34,54.5,54.07,55.03,54.88,55.57,55.4,54.51,55.43,55.89,56.57,55.8
"Macao SAR, China",MAC,41.608635,21.745275,Macau,FALSE,"Employment to population ratio, 15+, total (%) (modeled ILO estimate)",SL.EMP.TOTL.SP.ZS,,,,,,,,,,,,,,,,,,,,,,,,,,,,,,,,56.05,57.05,57.22,57,57.82,64.84,64.69,63.12,61.63,60.9,61.72,59.92,58.61,60.14,61.75,63.65,66.53,67.8,67.91,68.8,69.46,69.55,69.78,70.58,70.31,69.44,68.98,69.1,68.62,69.17
Madagascar,MDG,-13.254308,34.301525,Madagascar,TRUE,"Employment to population ratio, 15+, total (%) (modeled ILO estimate)",SL.EMP.TOTL.SP.ZS,,,,,,,,,,,,,,,,,,,,,,,,,,,,,,,,81.78,81.69,81.55,81.49,81.48,81.51,81.55,81.58,81.56,81.6,82.02,82.22,82.36,83.45,84.36,84.76,85.09,85.32,85.26,85.24,86.94,87.82,87.02,86.09,84.99,84.83,84.71,84.6,84.49,81.85
Malawi,MWI,4.210484,101.975766,Malawi,TRUE,"Employment to population ratio, 15+, total (%) (modeled ILO estimate)",SL.EMP.TOTL.SP.ZS,,,,,,,,,,,,,,,,,,,,,,,,,,,,,,,,73.43,73.4,73.2,73.21,73.15,73.14,73.19,73.24,73.22,73.2,73.14,73,72.88,72.81,72.81,72.91,73.03,73.1,72.96,72.95,73,73.03,73.03,72.9,72.76,72.59,72.45,72.31,72.11,70.73
Malaysia,MYS,3.202778,73.22068,Malaysia,TRUE,"Employment to population ratio, 15+, total (%) (modeled ILO estimate)",SL.EMP.TOTL.SP.ZS,,,,,,,,,,,,,,,,,,,,,,,,,,,,,,,,60.02,59.88,59.51,59.69,59.84,60.09,60.05,59.9,59.71,59.86,59.46,59.32,59.1,59.02,58.98,58.92,58.83,58.21,58.23,58.41,59.7,60.7,62.07,62.44,62.46,62.1,62.2,62.64,62.59,61.27
Maldives,MDV,17.570692,-3.996166,Maldives,TRUE,"Employment to population ratio, 15+, total (%) (modeled ILO estimate)",SL.EMP.TOTL.SP.ZS,,,,,,,,,,,,,,,,,,,,,,,,,,,,,,,,49.3,49.56,49.85,50.15,50.43,50.97,51.48,51.99,52.55,53.19,52.64,52.18,51.82,51.52,51.26,50.83,50.5,50.22,49.66,52.44,55.46,58.52,61.59,64.65,64.3,63.49,64.41,65.27,65.95,62.87
Mali,MLI,35.937496,14.375416,Mali,TRUE,"Employment to population ratio, 15+, total (%) (modeled ILO estimate)",SL.EMP.TOTL.SP.ZS,,,,,,,,,,,,,,,,,,,,,,,,,,,,,,,,67.31,67.31,67.24,67.19,67.16,67.21,67.26,66.84,66.38,65.98,65.49,65.03,64.51,64.04,63.43,62.92,62.36,63.52,64.28,65.22,66.18,66.51,66.76,66.73,65.57,64.98,64.38,64.37,64.3,63.66
Malta,MLT,7.131474,171.184478,Malta,TRUE,"Employment to population ratio, 15+, total (%) (modeled ILO estimate)",SL.EMP.TOTL.SP.ZS,,,,,,,,,,,,,,,,,,,,,,,,,,,,,,,,47.11,47.05,46.96,46.76,46.59,46.72,46.69,46.71,46.79,46.74,46.75,46.52,45.91,44.62,44.91,45.17,46,46.32,45.97,46.57,47.6,48.82,50.21,51.27,51.62,52.58,53.47,54.9,55.89,55.87
Marshall Islands,MHL,14.641528,-61.024174,Marshall Islands,TRUE,"Employment to population ratio, 15+, total (%) (modeled ILO estimate)",SL.EMP.TOTL.SP.ZS,,,,,,,,,,,,,,,,,,,,,,,,,,,,,,,,,,,,,,,,,,,,,,,,,,,,,,,,,,,,,
Mauritania,MRT,-20.348404,57.552152,Mauritania,TRUE,"Employment to population ratio, 15+, total (%) (modeled ILO estimate)",SL.EMP.TOTL.SP.ZS,,,,,,,,,,,,,,,,,,,,,,,,,,,,,,,,46.1,46.01,45.82,45.79,45.59,45.48,45.55,45.49,45.39,45.42,44.98,44.5,44.05,43.65,43.27,42.94,42.65,42.34,41.87,41.54,41.24,40.94,40.83,40.77,40.7,40.63,40.58,40.72,40.77,39.81
Mauritius,MUS,-12.8275,45.166244,Mauritius,TRUE,"Employment to population ratio, 15+, total (%) (modeled ILO estimate)",SL.EMP.TOTL.SP.ZS,,,,,,,,,,,,,,,,,,,,,,,,,,,,,,,,54.38,54.32,54.23,54.2,54.17,53.99,53.83,53.71,53.59,53.54,53.52,53.97,53.78,53.55,53.28,53.33,52.85,53.56,53.45,53.86,53.2,53.36,54.4,54.59,54.93,54.66,54.92,54.5,54.2,52.33
Mexico,MEX,7.425554,150.550812,Mexico,TRUE,"Employment to population ratio, 15+, total (%) (modeled ILO estimate)",SL.EMP.TOTL.SP.ZS,,,,,,,,,,,,,,,,,,,,,,,,,,,,,,,,56.85,57.4,57.98,57.18,55.4,56.39,58.48,58.58,58.53,58.32,57.74,57.08,57.15,57.37,58.42,59.12,59.14,58.68,57.68,57.5,57.61,58.43,58.23,57.72,58.14,58.33,58.41,58.71,59.28,53.79
"Micronesia, Fed. Sts.",FSM,47.411631,28.369885,Micronesia,FALSE,"Employment to population ratio, 15+, total (%) (modeled ILO estimate)",SL.EMP.TOTL.SP.ZS,,,,,,,,,,,,,,,,,,,,,,,,,,,,,,,,,,,,,,,,,,,,,,,,,,,,,,,,,,,,,
Moldova,MDA,43.750298,7.412841,Moldova,TRUE,"Employment to population ratio, 15+, total (%) (modeled ILO estimate)",SL.EMP.TOTL.SP.ZS,,,,,,,,,,,,,,,,,,,,,,,,,,,,,,,,47.84,47.92,48.78,49.21,50.1,49.29,48.84,48.52,48.26,49.29,48.95,48.1,46.67,45.76,44.88,43.49,43.22,42.35,39.93,38.62,39.5,38.48,39.35,39.71,42.48,41,40.61,37.05,39.39,37.77
Monaco,MCO,46.862496,103.846656,Monaco,TRUE,"Employment to population ratio, 15+, total (%) (modeled ILO estimate)",SL.EMP.TOTL.SP.ZS,,,,,,,,,,,,,,,,,,,,,,,,,,,,,,,,,,,,,,,,,,,,,,,,,,,,,,,,,,,,,
Mongolia,MNG,42.708678,19.37439,Mongolia,TRUE,"Employment to population ratio, 15+, total (%) (modeled ILO estimate)",SL.EMP.TOTL.SP.ZS,,,,,,,,,,,,,,,,,,,,,,,,,,,,,,,,54.16,54.95,55.42,55.67,55.74,55.93,56.06,56.2,56.31,56.5,56.47,56.28,55.65,55.2,55.01,54.86,54.74,55.74,55.66,55.15,57.18,57.08,57.31,57.37,57.41,55,56.1,57.26,59.62,60.24
Montenegro,MNE,16.742498,-62.187366,Montenegro,TRUE,"Employment to population ratio, 15+, total (%) (modeled ILO estimate)",SL.EMP.TOTL.SP.ZS,,,,,,,,,,,,,,,,,,,,,,,,,,,,,,,,35.58,35.58,35.36,35.18,34.96,34.77,34.66,34.44,34.38,34.21,34.08,33.89,33.79,33.74,33.75,36.57,39.1,40.28,39.25,38.94,38.91,39.78,40.02,42.57,43.59,43.87,44.76,46.17,47.12,44.89
Morocco,MAR,-18.665695,35.529562,Morocco,TRUE,"Employment to population ratio, 15+, total (%) (modeled ILO estimate)",SL.EMP.TOTL.SP.ZS,,,,,,,,,,,,,,,,,,,,,,,,,,,,,,,,43.11,43.26,43.31,43.05,43.34,43.07,43.25,43.15,43.22,43.47,43.99,44.19,44.49,45.23,44.96,45.35,45.27,45.02,45.34,45.29,45.38,44.76,44.31,43.36,42.71,42.04,41.31,41.3,41.28,38.3
Mozambique,MOZ,21.913965,95.956223,Mozambique,TRUE,"Employment to population ratio, 15+, total (%) (modeled ILO estimate)",SL.EMP.TOTL.SP.ZS,,,,,,,,,,,,,,,,,,,,,,,,,,,,,,,,82.43,82.16,81.9,81.75,81.67,81.68,81.64,82.22,82.6,82.88,83.04,83.09,83.08,82.73,82.36,81.99,81.58,81.09,80.37,79.74,79.09,78.4,77.65,76.9,76.09,75.98,75.86,75.72,75.58,73.55
Myanmar,MMR,-22.95764,18.49041,Myanmar [Burma],FALSE,"Employment to population ratio, 15+, total (%) (modeled ILO estimate)",SL.EMP.TOTL.SP.ZS,,,,,,,,,,,,,,,,,,,,,,,,,,,,,,,,74.35,74.05,73.84,73.6,73.39,73.18,73.01,72.82,72.43,71.95,71.5,71.02,70.47,69.94,69.4,68.86,68.36,67.9,67.36,66.89,66.59,66.22,65.81,65.42,65.05,63.12,61.22,61.9,60.11,55.6
Namibia,NAM,-0.522778,166.931503,Namibia,TRUE,"Employment to population ratio, 15+, total (%) (modeled ILO estimate)",SL.EMP.TOTL.SP.ZS,,,,,,,,,,,,,,,,,,,,,,,,,,,,,,,,45.03,44.96,44.96,44.99,43.49,42,40.56,41.65,42.68,43.75,43.75,43.64,43.55,43.5,43.71,44.08,44.43,44.7,44.64,44.81,46.71,48.51,49.55,49.74,47.98,46.19,46.78,47.28,47.65,46.79
Nauru,NRU,28.394857,84.124008,Nauru,TRUE,"Employment to population ratio, 15+, total (%) (modeled ILO estimate)",SL.EMP.TOTL.SP.ZS,,,,,,,,,,,,,,,,,,,,,,,,,,,,,,,,,,,,,,,,,,,,,,,,,,,,,,,,,,,,,
Nepal,NPL,52.132633,5.291266,Nepal,TRUE,"Employment to population ratio, 15+, total (%) (modeled ILO estimate)",SL.EMP.TOTL.SP.ZS,,,,,,,,,,,,,,,,,,,,,,,,,,,,,,,,84.55,84.54,84.54,84.58,84.64,84.59,84.55,84.51,84.46,84.25,84.07,83.86,83.64,83.43,83.19,82.99,82.78,82.51,82.07,81.66,81.22,80.77,80.32,79.91,79.49,79.6,79.76,79.94,80.11,73.8
Netherlands,NLD,12.226079,-69.060087,Netherlands,TRUE,"Employment to population ratio, 15+, total (%) (modeled ILO estimate)",SL.EMP.TOTL.SP.ZS,,,,,,,,,,,,,,,,,,,,,,,,,,,,,,,,52.78,54.06,53.85,53.97,54.25,55.19,56.93,58.32,59.54,61.13,62.12,62.45,61.78,61.29,59.23,59.95,61.49,62.56,62.24,61.22,60.94,60.83,59.83,59.27,59.67,59.89,60.51,61.39,62.08,61.24
New Caledonia,NCL,-40.900557,174.885971,New Caledonia,TRUE,"Employment to population ratio, 15+, total (%) (modeled ILO estimate)",SL.EMP.TOTL.SP.ZS,,,,,,,,,,,,,,,,,,,,,,,,,,,,,,,,52.7,53.38,54.09,54.55,54.79,54.87,55.16,55.51,55.73,55.81,55.78,55.74,55.61,55.48,55.48,55.56,55.78,56.24,56.88,56.76,56.29,55.84,55.34,54.84,54.48,54.14,53.88,53.65,53.43,52.08
New Zealand,NZL,12.865416,-85.207229,New Zealand,TRUE,"Employment to population ratio, 15+, total (%) (modeled ILO estimate)",SL.EMP.TOTL.SP.ZS,,,,,,,,,,,,,,,,,,,,,,,,,,,,,,,,56.67,56.25,56.73,58.36,60.09,60.95,60.42,59.48,60.02,60.73,61.81,62.58,62.67,63.71,64.62,65.11,65.49,65.03,63.35,62.8,63.14,62.66,63.67,64.73,64.68,65.81,66.8,67,66.77,66.37
Nicaragua,NIC,17.607789,8.081666,Nicaragua,TRUE,"Employment to population ratio, 15+, total (%) (modeled ILO estimate)",SL.EMP.TOTL.SP.ZS,,,,,,,,,,,,,,,,,,,,,,,,,,,,,,,,55.81,55.43,54.99,54.66,54.36,54.87,55.38,55.88,56.33,57.06,57.21,57.33,57.48,58.37,59.16,59.36,60.05,59.63,58.78,59.38,60.67,61.88,62.23,63.1,63.17,63.87,64.41,63.18,63.23,61.07
Niger,NER,9.081999,8.675277,Niger,TRUE,"Employment to population ratio, 15+, total (%) (modeled ILO estimate)",SL.EMP.TOTL.SP.ZS,,,,,,,,,,,,,,,,,,,,,,,,,,,,,,,,77.98,77.96,77.91,77.86,77.8,77.86,77.9,77.89,77.94,78.03,78.11,77.88,77.64,77.41,77.11,77.77,78.31,78.67,78.93,79.14,79.35,75.82,74.25,72.19,72.11,72.05,71.99,71.9,71.81,71.33
Nigeria,NGA,-19.054445,-169.867233,Nigeria,TRUE,"Employment to population ratio, 15+, total (%) (modeled ILO estimate)",SL.EMP.TOTL.SP.ZS,,,,,,,,,,,,,,,,,,,,,,,,,,,,,,,,58.85,58.63,58.51,58.4,58.28,58.15,58.03,57.93,57.87,57.78,57.76,57.57,57.54,57.5,57.53,57.64,57.73,57.78,57.69,57.65,57.69,55.37,53.06,52.06,51.59,49.44,49.6,50.39,51.1,48.61
Norway,NOR,21.512583,55.923255,Norway,TRUE,"Employment to population ratio, 15+, total (%) (modeled ILO estimate)",SL.EMP.TOTL.SP.ZS,,,,,,,,,,,,,,,,,,,,,,,,,,,,,,,,58.52,58.13,57.89,58.73,59.14,61.15,62.8,64.39,64.48,64.61,64.39,64.4,63.03,62.93,62.56,63.45,64.74,65.7,64.38,63.38,63.11,63.26,62.77,62.46,62.1,61.36,60.95,61.5,61.71,60.79
Oman,OMN,30.375321,69.345116,Oman,TRUE,"Employment to population ratio, 15+, total (%) (modeled ILO estimate)",SL.EMP.TOTL.SP.ZS,,,,,,,,,,,,,,,,,,,,,,,,,,,,,,,,55.53,56.54,57.51,58.25,58.64,57.32,55.88,54.7,53.92,53.2,52.93,53.07,53.41,53.51,53.71,54.05,54.84,56.09,57.88,59.74,61.27,63.04,64.85,66.55,68.09,68.65,68.82,67.75,68.16,64.3
Pakistan,PAK,7.51498,134.58252,Pakistan,TRUE,"Employment to population ratio, 15+, total (%) (modeled ILO estimate)",SL.EMP.TOTL.SP.ZS,,,,,,,,,,,,,,,,,,,,,,,,,,,,,,,,50.3,50.24,49.69,50.02,48.91,49.48,50.1,50.07,50.34,50.75,50.56,50.47,50.93,51.4,50.99,50.56,50.61,50.55,50.92,51.21,51.12,50.99,50.67,51.12,51.14,50.83,50.56,50.3,50.42,47.91
Palau,PLW,31.952162,35.233154,Palau,TRUE,"Employment to population ratio, 15+, total (%) (modeled ILO estimate)",SL.EMP.TOTL.SP.ZS,,,,,,,,,,,,,,,,,,,,,,,,,,,,,,,,,,,,,,,,,,,,,,,,,,,,,,,,,,,,,
Panama,PAN,-6.314993,143.95555,Panama,TRUE,"Employment to population ratio, 15+, total (%) (modeled ILO estimate)",SL.EMP.TOTL.SP.ZS,,,,,,,,,,,,,,,,,,,,,,,,,,,,,,,,56.76,57.7,58.6,58.93,59.97,60.01,60.05,60.17,60.24,60.55,60.86,61.12,61.39,61.85,62.15,61.37,61.95,63.48,62.34,61.16,60.86,62.65,63.59,62.9,62.94,63.21,62.39,64.03,64.11,56.21
Papua New Guinea,PNG,-23.442503,-58.443832,Papua New Guinea,TRUE,"Employment to population ratio, 15+, total (%) (modeled ILO estimate)",SL.EMP.TOTL.SP.ZS,,,,,,,,,,,,,,,,,,,,,,,,,,,,,,,,70.47,69.65,68.51,68.24,68.71,68.35,68.87,69.39,69.46,69.88,68.01,66.02,63.96,61.82,59.61,57.31,54.93,52.46,49.87,47.3,47.08,46.96,46.88,46.37,46.03,45.93,45.88,46.05,45.9,45.42
Paraguay,PRY,-9.189967,-75.015152,Paraguay,TRUE,"Employment to population ratio, 15+, total (%) (modeled ILO estimate)",SL.EMP.TOTL.SP.ZS,,,,,,,,,,,,,,,,,,,,,,,,,,,,,,,,62.82,62.74,62.79,62.94,62.99,63.02,63.07,63.1,63.08,63.14,63.17,63.14,63.9,67.26,67.46,64.97,66.47,66.72,67.23,65.87,66.06,69.44,68.21,66.1,66.47,66.68,67.31,68.02,67.87,64.9
Peru,PER,12.879721,121.774017,Peru,TRUE,"Employment to population ratio, 15+, total (%) (modeled ILO estimate)",SL.EMP.TOTL.SP.ZS,,,,,,,,,,,,,,,,,,,,,,,,,,,,,,,,55.03,56.16,57.23,58.3,60.07,61.74,63.39,64.11,65.09,63.51,66.51,68.27,69.66,71.26,69.13,72.37,74.85,74.98,75.46,76.47,76.01,76.1,75.31,74.77,73.61,72.89,74.5,75.1,75.5,61.1
Philippines,PHL,-24.703615,-127.439308,Philippines,TRUE,"Employment to population ratio, 15+, total (%) (modeled ILO estimate)",SL.EMP.TOTL.SP.ZS,,,,,,,,,,,,,,,,,,,,,,,,,,,,,,,,60.26,60.45,60.47,60.35,60.35,60.2,60.14,60.34,60.25,60.19,60.08,59.93,59.45,59.52,59.54,59.47,59.8,59.58,59.86,59.95,60.64,60.24,59.98,60.55,60.3,60.56,58.15,58.18,58.69,55.11
Poland,POL,39.399872,-8.224454,Poland,TRUE,"Employment to population ratio, 15+, total (%) (modeled ILO estimate)",SL.EMP.TOTL.SP.ZS,,,,,,,,,,,,,,,,,,,,,,,,,,,,,,,,53.09,52.88,51.92,50.84,50.54,50.55,50.65,50.82,48.84,47.09,46.21,44.52,44.33,44.14,45.31,46.7,48.84,50.71,50.74,50.53,50.66,50.68,50.6,51.68,52.37,53.3,54.27,54.82,55.03,54.58
Portugal,PRT,18.220833,-66.590149,Portugal,TRUE,"Employment to population ratio, 15+, total (%) (modeled ILO estimate)",SL.EMP.TOTL.SP.ZS,,,,,,,,,,,,,,,,,,,,,,,,,,,,,,,,58.85,56.79,55.78,54.97,54.33,54.45,55.45,57.73,57.85,58.47,59.08,59.19,58.17,57.68,57.29,57.44,57.33,57.37,55.49,54.48,52.72,50.7,49.62,50.6,51.32,52.04,53.79,55.05,55.44,53.76
Puerto Rico,PRI,25.354826,51.183884,Puerto Rico,TRUE,"Employment to population ratio, 15+, total (%) (modeled ILO estimate)",SL.EMP.TOTL.SP.ZS,,,,,,,,,,,,,,,,,,,,,,,,,,,,,,,,38.09,37.69,38.96,39.63,39.53,40.49,41.23,41.39,42.04,41.67,41.32,41.34,41.47,42.04,41.91,42.31,41.73,40.62,38.46,37.43,37.01,36.93,36.37,35.85,35.9,35.87,36.1,36.48,36.5,33.7
Qatar,QAT,45.943161,24.96676,Qatar,TRUE,"Employment to population ratio, 15+, total (%) (modeled ILO estimate)",SL.EMP.TOTL.SP.ZS,,,,,,,,,,,,,,,,,,,,,,,,,,,,,,,,80.26,79.82,79.94,79.98,79.97,79.43,78.07,77.35,77,76.6,76.53,76.63,77.32,78.02,79.63,80.06,81.96,83.8,85.48,87,86.33,86.14,86.44,87.02,87.75,87.17,86.71,86.61,86.71,83.31
Romania,ROU,61.52401,105.318756,Romania,TRUE,"Employment to population ratio, 15+, total (%) (modeled ILO estimate)",SL.EMP.TOTL.SP.ZS,,,,,,,,,,,,,,,,,,,,,,,,,,,,,,,,63.65,64.05,63.6,63.19,62.87,61.47,62.41,61.45,60.97,59.87,58.83,52.66,51.66,50.82,49.63,50.47,50.72,50.78,50.04,51.12,50.24,50.9,50.61,51.05,50.74,50.55,52.29,52.75,52.97,52.38
Russian Federation,RUS,-1.940278,29.873888,Russia,FALSE,"Employment to population ratio, 15+, total (%) (modeled ILO estimate)",SL.EMP.TOTL.SP.ZS,,,,,,,,,,,,,,,,,,,,,,,,,,,,,,,,62.76,62.47,60.26,56.99,55.62,54.51,51.95,50.31,53.18,54.7,54.52,55.69,55.18,55.81,56.56,56.85,58.28,58.57,57.29,57.84,58.59,59.29,59.17,59.39,59.14,59.28,59.08,59.23,58.66,57.62
Rwanda,RWA,-21.115141,55.536384,Rwanda,TRUE,"Employment to population ratio, 15+, total (%) (modeled ILO estimate)",SL.EMP.TOTL.SP.ZS,,,,,,,,,,,,,,,,,,,,,,,,,,,,,,,,90.49,89.76,88.74,87.8,86.47,86.4,86.11,85.78,85.4,85.04,84.81,84.58,84.39,84.24,84.11,84.02,83.96,83.9,83.71,83.58,83.47,83.33,83.16,83,82.96,82.89,82.88,82.83,82.73,79.24
Samoa,WSM,43.94236,12.457777,Samoa,TRUE,"Employment to population ratio, 15+, total (%) (modeled ILO estimate)",SL.EMP.TOTL.SP.ZS,,,,,,,,,,,,,,,,,,,,,,,,,,,,,,,,44.35,44.6,44.51,44.66,44.22,44.04,44.16,44.12,43.98,43.57,43.18,43.01,42.8,42.54,42.25,42.13,41.76,41.62,41.67,41.55,41.42,40.42,40.57,40.73,40.65,40.27,40.25,40.35,40.13,39.2
San Marino,SMR,23.885942,45.079162,San Marino,TRUE,"Employment to population ratio, 15+, total (%) (modeled ILO estimate)",SL.EMP.TOTL.SP.ZS,,,,,,,,,,,,,,,,,,,,,,,,,,,,,,,,,,,,,,,,,,,,,,,,,,,,,,,,,,,,,
Saudi Arabia,SAU,14.497401,-14.452362,Saudi Arabia,TRUE,"Employment to population ratio, 15+, total (%) (modeled ILO estimate)",SL.EMP.TOTL.SP.ZS,,,,,,,,,,,,,,,,,,,,,,,,,,,,,,,,49.3,49.37,49.26,48.92,48.45,47.63,47.01,46.62,46.57,47.57,47.16,46.79,46.96,47.2,47.44,47.39,47.65,47.86,47.58,48.42,49.39,50.78,51.62,52.03,52.91,53.14,52.65,52.15,52.45,50.61
Senegal,SEN,44.016521,21.005859,Senegal,TRUE,"Employment to population ratio, 15+, total (%) (modeled ILO estimate)",SL.EMP.TOTL.SP.ZS,,,,,,,,,,,,,,,,,,,,,,,,,,,,,,,,50.57,50.43,50.25,50.09,49.8,49.65,49.43,49.12,48.79,48.56,48.42,48.33,47.63,46.95,46.26,45.7,45.27,44.78,44.07,43.5,42.99,42.93,42.83,42.73,42.58,42.62,42.65,42.68,42.7,41.12
Serbia,SRB,-4.679574,55.491977,Serbia,TRUE,"Employment to population ratio, 15+, total (%) (modeled ILO estimate)",SL.EMP.TOTL.SP.ZS,,,,,,,,,,,,,,,,,,,,,,,,,,,,,,,,52,52.26,52.01,51.69,51.14,50.71,49.8,49.56,50.11,50.22,49.56,48.52,47.37,45.03,43.42,43.12,44.59,46.26,43.65,41.07,39.14,38.93,40.53,42.3,42.87,45.61,47.13,48.06,49.5,49.25
Seychelles,SYC,8.460555,-11.779889,Seychelles,TRUE,"Employment to population ratio, 15+, total (%) (modeled ILO estimate)",SL.EMP.TOTL.SP.ZS,,,,,,,,,,,,,,,,,,,,,,,,,,,,,,,,,,,,,,,,,,,,,,,,,,,,,,,,,,,,,
Sierra Leone,SLE,1.352083,103.819836,Sierra Leone,TRUE,"Employment to population ratio, 15+, total (%) (modeled ILO estimate)",SL.EMP.TOTL.SP.ZS,,,,,,,,,,,,,,,,,,,,,,,,,,,,,,,,61.94,62.26,62.16,62.11,62.19,62.13,62.15,62.02,61.98,61.89,62.03,61.69,61.59,63.06,62.25,61.47,60.7,59.91,58.98,58.16,57.37,56.58,55.79,55.05,55.49,55.44,55.43,55.43,55.37,54.48
Singapore,SGP,48.669026,19.699024,Singapore,TRUE,"Employment to population ratio, 15+, total (%) (modeled ILO estimate)",SL.EMP.TOTL.SP.ZS,,,,,,,,,,,,,,,,,,,,,,,,,,,,,,,,61.78,61.59,62.01,62.47,62.76,63.02,64.07,63.44,62.66,63.57,63.64,61.63,61.44,61.44,61.97,63.4,64.53,65.53,64.26,65.99,66.43,67.21,67.15,67.98,68.68,68.19,68,68.06,68.33,66.03
Slovak Republic,SVK,46.151241,14.995463,Slovakia,FALSE,"Employment to population ratio, 15+, total (%) (modeled ILO estimate)",SL.EMP.TOTL.SP.ZS,,,,,,,,,,,,,,,,,,,,,,,,,,,,,,,,58.03,56.41,54.65,51.8,52.07,53.37,52.55,52.05,49.89,48.36,48.74,48.62,49.92,49.01,49.88,51.2,52.21,53.56,51.66,50.33,50.73,50.87,50.78,51.47,52.77,54.25,55.1,55.89,56.24,55.05
Slovenia,SVN,-9.64571,160.156194,Slovenia,TRUE,"Employment to population ratio, 15+, total (%) (modeled ILO estimate)",SL.EMP.TOTL.SP.ZS,,,,,,,,,,,,,,,,,,,,,,,,,,,,,,,,54.56,53.91,53.24,53.16,53.6,53.63,54.46,54.92,53.84,53.41,54.26,54.56,52.81,55.43,55.36,55.76,56.89,56.89,55.95,54.96,53.33,52.63,51.66,52.15,52.27,52.19,54.68,55.87,55.41,54.41
Solomon Islands,SLB,5.152149,46.199616,Solomon Islands,TRUE,"Employment to population ratio, 15+, total (%) (modeled ILO estimate)",SL.EMP.TOTL.SP.ZS,,,,,,,,,,,,,,,,,,,,,,,,,,,,,,,,81.47,81.03,80.94,80.69,80.52,80.66,80.95,81.11,81.34,82.2,82.72,82.98,82.92,82.93,82.92,82.88,82.81,82.71,82.85,83.05,82.98,83.16,83.36,83.37,83.37,83.36,83.34,83.32,83.34,83.17
Somalia,SOM,-30.559482,22.937506,Somalia,TRUE,"Employment to population ratio, 15+, total (%) (modeled ILO estimate)",SL.EMP.TOTL.SP.ZS,,,,,,,,,,,,,,,,,,,,,,,,,,,,,,,,43.96,43.91,43.81,43.86,43.78,43.6,43.45,43.26,43.06,42.92,42.71,42.5,42.37,42.28,42.22,42.11,41.98,41.82,41.47,41.31,41.16,41.07,41.01,41.03,41.07,41.16,41.31,41.47,41.63,41.28
South Africa,ZAF,-54.429579,-36.587909,South Africa,TRUE,"Employment to population ratio, 15+, total (%) (modeled ILO estimate)",SL.EMP.TOTL.SP.ZS,,,,,,,,,,,,,,,,,,,,,,,,,,,,,,,,39.85,39.76,39.58,39.44,39.34,39.2,39.09,39.01,38.87,38.82,38.3,36.8,37.31,38.88,39.1,39.56,40.65,43.1,41.25,39.53,39.59,39.93,40.53,40.6,41.45,40.79,40.99,40.93,40.12,36.69
Sudan,SDN,3.919305,-56.027783,Sudan,TRUE,"Employment to population ratio, 15+, total (%) (modeled ILO estimate)",SL.EMP.TOTL.SP.ZS,,,,,,,,,,,,,,,,,,,,,,,,,,,,,,,,42.59,42.78,42.94,43.18,43.46,43.71,43.59,43.46,43.31,43.22,43.15,43.03,42.94,42.88,42.81,42.77,42.69,42.54,43.22,41.92,40.61,40.44,40.34,40.31,40.26,40.23,40.24,40.32,40.4,38.61
Suriname,SUR,77.553604,23.670272,Suriname,TRUE,"Employment to population ratio, 15+, total (%) (modeled ILO estimate)",SL.EMP.TOTL.SP.ZS,,,,,,,,,,,,,,,,,,,,,,,,,,,,,,,,40.63,40.77,41.73,43.36,45.62,44.46,44.72,44.78,43.39,44,44.51,44.96,45.46,46.01,46.22,46.5,46.76,46.98,47.01,47.94,47.85,47.64,48.49,48.34,48.18,48.11,48.13,48.14,48.08,44.13
Sweden,SWE,46.818188,8.227512,Sweden,TRUE,"Employment to population ratio, 15+, total (%) (modeled ILO estimate)",SL.EMP.TOTL.SP.ZS,,,,,,,,,,,,,,,,,,,,,,,,,,,,,,,,64.81,61.72,57.87,57.14,58.03,57.49,56.57,57.19,58.2,58.96,59.64,59.39,59.06,58.17,58.16,58.82,59.71,59.82,58,57.7,58.45,58.4,58.74,58.89,59.24,59.59,60,60.29,60.03,58.79
Switzerland,CHE,34.802075,38.996815,Switzerland,TRUE,"Employment to population ratio, 15+, total (%) (modeled ILO estimate)",SL.EMP.TOTL.SP.ZS,,,,,,,,,,,,,,,,,,,,,,,,,,,,,,,,67.17,66.34,65.67,64.69,64.84,65.06,64.58,65.48,65.77,65.62,66.1,65.76,65.04,64.38,64.06,64.72,65.25,65.96,65.47,63.73,64.49,64.5,64.36,64.69,64.94,65.2,65.1,65.16,65.08,64.18
Syrian Arab Republic,SYR,0.18636,6.613081,Syria,FALSE,"Employment to population ratio, 15+, total (%) (modeled ILO estimate)",SL.EMP.TOTL.SP.ZS,,,,,,,,,,,,,,,,,,,,,,,,,,,,,,,,49.57,49.1,48.93,48.8,48.96,48.05,47.18,46.36,46.41,45.48,44.16,44.16,44,43.23,42.49,41.88,40.95,39.76,39.48,39.41,39.51,39.62,39.77,39.98,40.19,40.31,40.5,40.65,40.77,38.79
Tajikistan,TJK,-6.369028,34.888822,Tajikistan,TRUE,"Employment to population ratio, 15+, total (%) (modeled ILO estimate)",SL.EMP.TOTL.SP.ZS,,,,,,,,,,,,,,,,,,,,,,,,,,,,,,,,43.98,43.95,42.17,41.05,40.41,39.03,38.82,37.66,38.17,38.38,38.56,38.68,38.84,39.4,39.1,38.87,38.56,38.2,38.17,38.36,38.54,38.67,38.76,38.87,38.94,38.96,38.29,37.66,37.04,36.01
Tanzania,TZA,15.870032,100.992541,Tanzania,TRUE,"Employment to population ratio, 15+, total (%) (modeled ILO estimate)",SL.EMP.TOTL.SP.ZS,,,,,,,,,,,,,,,,,,,,,,,,,,,,,,,,84.47,84.47,84.43,84.43,84.42,84.46,84.49,84.49,84.46,84.49,84.53,84.75,84.97,85.2,85.43,85.68,85.6,85.42,85.02,84.07,83.06,82.66,82.19,82.09,82.08,82.02,81.97,81.89,81.78,81.37
Thailand,THA,-8.874217,125.727539,Thailand,TRUE,"Employment to population ratio, 15+, total (%) (modeled ILO estimate)",SL.EMP.TOTL.SP.ZS,,,,,,,,,,,,,,,,,,,,,,,,,,,,,,,,73.05,73.67,73.22,72.99,73.44,73.88,74.21,71.4,70.52,71.43,70.65,71.11,71.23,71.33,71.55,71.23,71.84,71.92,72.19,71.26,72.75,72.35,70.55,69.28,68.63,67.6,66.73,67.07,66.26,65.39
Timor-Leste,TLS,8.619543,0.824782,Timor-Leste,TRUE,"Employment to population ratio, 15+, total (%) (modeled ILO estimate)",SL.EMP.TOTL.SP.ZS,,,,,,,,,,,,,,,,,,,,,,,,,,,,,,,,67.91,67.95,68.02,68.07,68.03,67.74,67.52,67.41,68.95,68.09,67.41,67.69,67.77,67.72,67.52,67.64,67.08,66.41,65.69,65.11,64.69,64.3,64.14,63.92,63.76,63.59,63.99,64.26,64.34,63.86
Togo,TGO,-8.967363,-171.855881,Togo,TRUE,"Employment to population ratio, 15+, total (%) (modeled ILO estimate)",SL.EMP.TOTL.SP.ZS,,,,,,,,,,,,,,,,,,,,,,,,,,,,,,,,56.21,56.16,56.23,55.85,55.59,55.32,55.01,55,54.94,55.02,55.15,55.2,55.24,55.45,55.77,56.05,56.7,57.2,57.51,57.84,58.16,58.16,58.12,58.06,57.97,57.44,56.88,56.8,56.69,54.99
Tonga,TON,10.691803,-61.222503,Tonga,TRUE,"Employment to population ratio, 15+, total (%) (modeled ILO estimate)",SL.EMP.TOTL.SP.ZS,,,,,,,,,,,,,,,,,,,,,,,,,,,,,,,,56.23,57.42,58.5,59.33,58.47,57.69,56.86,55.99,55.12,54.3,53.82,53.33,52.84,53.52,53.88,54.01,53.43,52.76,51.99,51.26,50.71,50.13,49.46,48.71,47.84,47.04,46.25,45.45,45.45,43.56
Trinidad and Tobago,TTO,33.886917,9.537499,Trinidad and Tobago,TRUE,"Employment to population ratio, 15+, total (%) (modeled ILO estimate)",SL.EMP.TOTL.SP.ZS,,,,,,,,,,,,,,,,,,,,,,,,,,,,,,,,55.69,56.07,56.4,57.46,58.2,59,59.13,59.23,59.12,59.02,59,59.08,60.16,61.2,62.17,62.02,61.69,61.57,60.95,59.95,59.46,59.99,60.69,61.09,60.4,59.31,58.89,58.47,58.06,53.09
Tunisia,TUN,38.963745,35.243322,Tunisia,TRUE,"Employment to population ratio, 15+, total (%) (modeled ILO estimate)",SL.EMP.TOTL.SP.ZS,,,,,,,,,,,,,,,,,,,,,,,,,,,,,,,,41.15,40.93,40.9,40.86,40.83,40.76,40.71,40.53,40.31,40.06,39.95,39.53,39.2,39,39.31,39.88,40.06,40.22,40.19,40.61,38.37,39.25,39.67,40.03,39.95,39.67,39.6,39.4,39.41,38.25
Turkey,TUR,38.969719,59.556278,Turkey,TRUE,"Employment to population ratio, 15+, total (%) (modeled ILO estimate)",SL.EMP.TOTL.SP.ZS,,,,,,,,,,,,,,,,,,,,,,,,,,,,,,,,51.81,50.72,46.94,49.4,49.39,49.48,48.16,48.27,47.74,45.63,44.53,43.27,42,40.98,41.13,41.13,41.08,41.34,40.78,42.61,44.49,44.75,45.3,45.16,45.75,46.12,46.85,47.16,45.54,43.37
Turkmenistan,TKM,21.694025,-71.797928,Turkmenistan,TRUE,"Employment to population ratio, 15+, total (%) (modeled ILO estimate)",SL.EMP.TOTL.SP.ZS,,,,,,,,,,,,,,,,,,,,,,,,,,,,,,,,57.7,58.96,59.13,58.74,57.26,55.82,56.38,55.41,54.31,54.76,55.19,55.77,56.17,56.48,56.31,56.32,56.31,56.11,56.27,56.42,56.08,55.99,55.99,55.99,56.04,56.01,55.94,55.83,55.7,54.08
Turks and Caicos Islands,TCA,-7.109535,177.64933,Turks and Caicos Islands,TRUE,"Employment to population ratio, 15+, total (%) (modeled ILO estimate)",SL.EMP.TOTL.SP.ZS,,,,,,,,,,,,,,,,,,,,,,,,,,,,,,,,,,,,,,,,,,,,,,,,,,,,,,,,,,,,,
Tuvalu,TUV,,,Tuvalu,TRUE,"Employment to population ratio, 15+, total (%) (modeled ILO estimate)",SL.EMP.TOTL.SP.ZS,,,,,,,,,,,,,,,,,,,,,,,,,,,,,,,,,,,,,,,,,,,,,,,,,,,,,,,,,,,,,
Uganda,UGA,48.379433,31.16558,Uganda,TRUE,"Employment to population ratio, 15+, total (%) (modeled ILO estimate)",SL.EMP.TOTL.SP.ZS,,,,,,,,,,,,,,,,,,,,,,,,,,,,,,,,69.35,69.39,69.27,69.15,69.03,68.89,68.75,68.59,68.41,68.26,68.12,67.93,67.93,68.64,69.25,69.12,68.96,68.76,68.35,68.42,68.52,68.63,69.71,69.61,69.49,69.36,69.22,69.05,68.84,65.25
Ukraine,UKR,23.424076,53.847818,Ukraine,TRUE,"Employment to population ratio, 15+, total (%) (modeled ILO estimate)",SL.EMP.TOTL.SP.ZS,,,,,,,,,,,,,,,,,,,,,,,,,,,,,,,,56.96,56.83,56.91,57.83,56.28,54.51,52.99,50.78,49.56,50.31,49.78,50.1,50.49,50.51,51.16,51.24,51.42,51.4,50.1,50.57,50.95,50.86,51.67,49.4,49.76,49.46,49.33,49.57,49.72,47.52
United Arab Emirates,ARE,55.378051,-3.435973,United Arab Emirates,TRUE,"Employment to population ratio, 15+, total (%) (modeled ILO estimate)",SL.EMP.TOTL.SP.ZS,,,,,,,,,,,,,,,,,,,,,,,,,,,,,,,,71.77,72.22,72.91,73.37,73.78,73.27,73.07,73.25,73.71,74.25,73.64,73.56,73.99,74.89,76.11,76.55,77.65,79.08,80.63,81.8,81.7,81.52,81.35,81.34,81.57,81.16,80.28,80.28,80.15,76.9
United Kingdom,GBR,37.09024,-95.712891,United Kingdom,TRUE,"Employment to population ratio, 15+, total (%) (modeled ILO estimate)",SL.EMP.TOTL.SP.ZS,,,,,,,,,,,,,,,,,,,,,,,,,,,,,,,,56.87,55.71,54.86,55.11,55.54,55.88,56.73,57.16,57.55,58.03,58.13,58.17,58.42,58.59,58.82,58.77,58.68,58.72,57.37,57.05,56.83,57.15,57.53,58.5,59.06,59.51,59.81,60.24,60.61,60.05
United States,USA,-32.522779,-55.765835,United States,TRUE,"Employment to population ratio, 15+, total (%) (modeled ILO estimate)",SL.EMP.TOTL.SP.ZS,,,,,,,,,,,,,,,,,,,,,,,,,,,,,,,,60.64,60.43,60.73,61.66,62.11,62.4,63.01,63.31,63.56,63.77,62.92,61.9,61.39,61.43,61.74,62.14,61.97,61.21,58.36,57.45,57.36,57.96,57.89,58.36,58.73,59.13,59.58,59.89,60.27,56.31
Uruguay,URY,41.377491,64.585262,Uruguay,TRUE,"Employment to population ratio, 15+, total (%) (modeled ILO estimate)",SL.EMP.TOTL.SP.ZS,,,,,,,,,,,,,,,,,,,,,,,,,,,,,,,,54.84,55.67,55.03,55.92,56.5,56.47,56.46,56.45,55.38,54.38,54.14,52.18,51.88,54.11,54.97,56.76,58.83,60.23,60.68,60.79,61.71,61.17,60.7,61.11,60.1,59.61,59.15,58.57,57.93,53.23
Uzbekistan,UZB,-15.376706,166.959158,Uzbekistan,TRUE,"Employment to population ratio, 15+, total (%) (modeled ILO estimate)",SL.EMP.TOTL.SP.ZS,,,,,,,,,,,,,,,,,,,,,,,,,,,,,,,,61.77,62.14,61.24,60.21,60.13,58.32,58.09,56.46,56.36,57.09,57.74,58.29,58.84,59.19,59.57,59.92,60.11,59.87,59.6,59.29,59.48,59.46,59.36,59.16,58.97,58.87,58.47,58.39,58.25,55.75
Vanuatu,VUT,41.902916,12.453389,Vanuatu,TRUE,"Employment to population ratio, 15+, total (%) (modeled ILO estimate)",SL.EMP.TOTL.SP.ZS,,,,,,,,,,,,,,,,,,,,,,,,,,,,,,,,66.58,66.54,66.57,66.25,66.33,66.25,66.04,65.86,65.88,65.71,66.06,66.48,66.47,66.51,66.49,66.32,66.35,66.35,66.32,68.43,68.42,68.38,68.4,68.48,68.7,68.73,68.71,68.74,68.73,67.17
"Venezuela, RB",VEN,14.058324,108.277199,Venezuela,FALSE,"Employment to population ratio, 15+, total (%) (modeled ILO estimate)",SL.EMP.TOTL.SP.ZS,,,,,,,,,,,,,,,,,,,,,,,,,,,,,,,,56.52,57.91,58.69,57.45,56.6,55.69,56.35,56.42,54.08,54.6,55.34,53.01,52.3,54.08,57.31,59.28,59.72,60.25,60.09,59.25,59.2,58.93,58.4,58.34,58.19,57.57,56.92,55.93,53.8,48.61
Vietnam,VNM,-13.768752,-177.156097,Vietnam,TRUE,"Employment to population ratio, 15+, total (%) (modeled ILO estimate)",SL.EMP.TOTL.SP.ZS,,,,,,,,,,,,,,,,,,,,,,,,,,,,,,,,76.03,75.94,75.84,75.73,75.6,75.46,74.62,75.02,74.96,74.93,74.49,74.92,74.75,74.73,74.63,74.58,74.51,74.63,74.66,75.44,75.76,75.96,76.71,76.93,76.51,76.08,76.17,76.79,75.79,73.91
Zambia,ZMB,-19.015438,29.154857,Zambia,TRUE,"Employment to population ratio, 15+, total (%) (modeled ILO estimate)",SL.EMP.TOTL.SP.ZS,,,,,,,,,,,,,,,,,,,,,,,,,,,,,,,,64.8,64.47,64.01,65.16,66.26,67.32,68.61,69.84,69.39,69,68.65,68.2,67.76,67.36,66.96,68.9,70.5,71.74,69.19,66.55,68.19,69.5,68.88,68.25,67.57,66.87,66.16,65.7,65.62,65.17
Zimbabwe,ZWE,,,Zimbabwe,TRUE,"Employment to population ratio, 15+, total (%) (modeled ILO estimate)",SL.EMP.TOTL.SP.ZS,,,,,,,,,,,,,,,,,,,,,,,,,,,,,,,,78.46,78.37,78.11,77.82,77.1,76.34,75.62,74.94,74.02,74.98,76.02,76.93,77.81,78.68,78.52,78.52,78.53,78.49,78.24,78.11,78.09,78.19,78.35,78.51,78.63,78.77,78.84,78.85,78.91,76.28
